experiment,variant,seed,strategy,travel_model,planning_travel_model,execution_travel_model,objective_mode,task_count,uav_count,weighted_delay,weighted_mean_delay,mean_delay,high_priority_mean_delay,makespan,total_travel_time,total_service_time,active_uav_count,max_tasks_per_uav,min_tasks_per_active_uav,replanning_count,initial_planning_runtime,total_replanning_runtime,mean_replanning_runtime,max_replanning_runtime,total_algorithm_runtime,assignment_changes,successor_edge_changes,time_consistency_check,feasible,runner_wall_runtime,scenario_fingerprint
E2_v2,time_aware,1000,local,dubins,dubins,dubins,weighted_delay,20,3,1923.026466558786,17.972209967839124,24.322905628300294,15.728047807502689,85.218213054053,169.66974853467696,81.19017107011354,3,7,6,10,0.0805780999999115,0.030501499999445514,0.0030501499999445515,0.006144399998447625,0.11107959999935701,10,11,True,True,0.1138781999998173,003efd5ffe91eda82ee5212d1e1fc1115a654b2079ec04a608d4766b8a3bd068
E2_v2,mission_completion,1000,local,dubins,dubins,dubins,makespan,20,3,2366.848730038591,22.12008158914571,23.999331548846907,19.126333744125215,84.01678184269358,153.90969127374865,81.19017107011354,3,7,6,10,0.06815420000020822,0.02218610000272747,0.0022186100002727473,0.004228499999953783,0.09034030000293569,10,6,True,True,0.09315160000005562,003efd5ffe91eda82ee5212d1e1fc1115a654b2079ec04a608d4766b8a3bd068
E2_v2,distance_oriented,1000,local,dubins,dubins,dubins,total_travel_time,20,3,8666.171110726618,80.9922533712768,75.52330940326617,78.09935447252863,178.6022361067307,97.41206503661715,81.19017107011354,1,20,20,10,0.036973400001443224,0.25189400000454043,0.025189400000454044,0.04397100000096543,0.28886740000598365,0,4,True,True,0.29215300000032585,003efd5ffe91eda82ee5212d1e1fc1115a654b2079ec04a608d4766b8a3bd068
E2_v2,time_aware,1001,local,dubins,dubins,dubins,weighted_delay,20,3,2297.4610601729114,18.831648034204193,23.977947279694597,16.216431281931193,83.37867273245533,159.02737123818744,78.5731594633367,3,7,6,10,0.046617300000434625,0.04750700000113284,0.004750700000113284,0.009142200000496814,0.09412430000156746,12,15,True,True,0.09639550000065356,326a5400532f40cb7bdcebae3f9c8dfd872dced5e3505899268f16c5315dbfbc
E2_v2,mission_completion,1001,local,dubins,dubins,dubins,makespan,20,3,2748.78780143204,22.53104755272164,23.801870955647153,20.497217439466212,75.80669923526179,146.3818013131442,78.5731594633367,3,8,5,10,0.07081900000048336,0.05351210000117135,0.005351210000117135,0.01587879999897268,0.1243311000016547,9,15,True,True,0.12711569999919448,326a5400532f40cb7bdcebae3f9c8dfd872dced5e3505899268f16c5315dbfbc
E2_v2,distance_oriented,1001,local,dubins,dubins,dubins,total_travel_time,20,3,8858.1880988022,72.60809917050985,74.96719049256076,65.81935008065568,176.83424327416427,98.26108381082756,78.5731594633367,1,20,20,10,0.038391099998989375,0.35009360000003653,0.03500936000000365,0.08221330000014859,0.3884846999990259,0,22,True,True,0.39258130000052915,326a5400532f40cb7bdcebae3f9c8dfd872dced5e3505899268f16c5315dbfbc
E2_v2,time_aware,1002,local,dubins,dubins,dubins,weighted_delay,20,3,2014.83143742597,19.561470266271556,21.04081053942801,14.695671819429242,77.56947482951854,146.87636729836092,76.90693803051695,3,8,5,10,0.04210380000040459,0.03262259999974049,0.003262259999974049,0.013298799998665345,0.07472640000014508,11,10,True,True,0.07738040000003821,bac977afff5983f5f02211e95bb5bd4acf7a0d9a328b4221afb60dccebcb1493
E2_v2,mission_completion,1002,local,dubins,dubins,dubins,makespan,20,3,2571.9262534176532,24.97015780017139,22.881034249685303,27.264232612957645,76.95862166435313,138.17704102118802,76.90693803051695,3,7,6,10,0.06604369999877235,0.037856400000237045,0.0037856400000237044,0.010037799998826813,0.1039000999990094,10,16,True,True,0.10640890000104264,bac977afff5983f5f02211e95bb5bd4acf7a0d9a328b4221afb60dccebcb1493
E2_v2,distance_oriented,1002,local,dubins,dubins,dubins,total_travel_time,20,3,7824.321341607799,75.96428486997863,73.71512778515913,87.44532557135115,172.2871662175145,95.38022818699753,76.90693803051695,1,20,20,10,0.07037280000076862,0.30613330000051064,0.030613330000051064,0.04406759999983478,0.37650610000127926,0,4,True,True,0.38001559999975143,bac977afff5983f5f02211e95bb5bd4acf7a0d9a328b4221afb60dccebcb1493
E2_v2,time_aware,1003,local,dubins,dubins,dubins,weighted_delay,20,3,2314.4697200244145,18.665078387293665,20.383830820941547,18.29499387723741,83.96896338306897,170.92336510823435,79.94105783304978,3,7,6,10,0.053447500000402215,0.01217930000348133,0.001217930000348133,0.006801700001233257,0.06562680000388355,4,4,True,True,0.06805899999926623,928e6ecadcc3e29bce8ab1bcdc3ba9bb293cdedc1b5e429a3696296f9a79850a
E2_v2,mission_completion,1003,local,dubins,dubins,dubins,makespan,20,3,2420.4921259551256,19.52009778996069,20.293960095785344,19.826831218323193,86.06021805024145,168.49687076074753,79.94105783304978,3,7,6,10,0.04692660000000615,0.01617929999883927,0.001617929999883927,0.005107900000439258,0.06310589999884542,6,3,True,True,0.06563069999901927,928e6ecadcc3e29bce8ab1bcdc3ba9bb293cdedc1b5e429a3696296f9a79850a
E2_v2,distance_oriented,1003,local,dubins,dubins,dubins,total_travel_time,20,3,9233.483705635746,74.46357827125603,72.15381527759268,83.69737728610289,181.9549413188363,102.01388348578652,79.94105783304978,1,20,20,10,0.04424950000066019,0.22994320000361768,0.02299432000036177,0.03875829999924463,0.27419270000427787,0,6,True,True,0.2779021999995166,928e6ecadcc3e29bce8ab1bcdc3ba9bb293cdedc1b5e429a3696296f9a79850a
E2_v2,time_aware,1004,local,dubins,dubins,dubins,weighted_delay,20,3,1986.8109505189816,19.868109505189818,22.60893724712944,18.696398406492996,98.25495966466805,199.0557481938905,84.36853573586968,3,7,6,10,0.04602580000027956,0.016557900000407244,0.0016557900000407245,0.00520900000083202,0.0625837000006868,4,3,True,True,0.06488200000057986,36f049506a9f245c3a7992826d6a406fc84dc5560363ffe26fa19d3cb1196cf1
E2_v2,mission_completion,1004,local,dubins,dubins,dubins,makespan,20,3,2290.22160881764,22.902216088176402,22.076340250513276,25.65836868073896,92.91069310553009,182.20299572735416,84.36853573586968,3,8,5,10,0.06681449999996403,0.017094000000724918,0.0017094000000724917,0.005098699999507517,0.08390850000068895,4,2,True,True,0.08639950000178942,36f049506a9f245c3a7992826d6a406fc84dc5560363ffe26fa19d3cb1196cf1
E2_v2,distance_oriented,1004,local,dubins,dubins,dubins,total_travel_time,20,3,7317.647503399618,73.17647503399617,78.12919408211658,77.3557734108752,194.35326907660078,109.9847333407311,84.36853573586968,1,20,20,10,0.044780600001104176,0.26043209999988903,0.026043209999988902,0.03975669999999809,0.3052127000009932,0,18,True,True,0.3092833000009705,36f049506a9f245c3a7992826d6a406fc84dc5560363ffe26fa19d3cb1196cf1
E2_v2,time_aware,1005,local,dubins,dubins,dubins,weighted_delay,20,3,1671.482074595029,18.367934885659658,22.62438888918954,14.616350035176396,88.89047270389776,164.35860490818368,78.66747659875745,3,8,5,10,0.04926030000024184,0.023852199998145807,0.0023852199998145806,0.004453200001080404,0.07311249999838765,12,3,True,True,0.07565210000029765,ac3e0c423ba30b6ed83812071978ee0eab613ff0a3b2a3dd494f8ec12ad0e6d9
E2_v2,mission_completion,1005,local,dubins,dubins,dubins,makespan,20,3,1929.2889717905684,21.20097771198427,23.420641932755963,16.356185679622428,86.12123526564237,166.48619178739006,78.66747659875745,3,7,6,10,0.1277513999993971,0.027080399997430504,0.0027080399997430503,0.005571300000156043,0.1548317999968276,7,7,True,True,0.157439799999338,ac3e0c423ba30b6ed83812071978ee0eab613ff0a3b2a3dd494f8ec12ad0e6d9
E2_v2,distance_oriented,1005,local,dubins,dubins,dubins,total_travel_time,20,3,5996.039468570632,65.89054361066628,80.05370120281665,41.894065476042385,188.1679378765557,109.50046127779825,78.66747659875745,1,20,20,10,0.04190469999957713,0.3441170999958558,0.03441170999958558,0.06293479999840201,0.38602179999543296,0,8,True,True,0.39013599999998405,ac3e0c423ba30b6ed83812071978ee0eab613ff0a3b2a3dd494f8ec12ad0e6d9
E2_v2,time_aware,1006,local,dubins,dubins,dubins,weighted_delay,20,3,1911.2653127513893,18.555973910207662,21.11848679402622,16.72006897695177,88.11669658856646,139.87530336901645,80.55442415556645,3,7,6,10,0.06554510000023583,0.023000700000920915,0.0023000700000920917,0.005115699999805656,0.08854580000115675,3,3,True,True,0.09155770000143093,83bdc0825e5e2e93054ab339a9a27ca1db05cfccb837d2524713925798716880
E2_v2,mission_completion,1006,local,dubins,dubins,dubins,makespan,20,3,2540.3143850427527,24.663246456725755,23.035147089923335,29.409967498241695,89.85310168720636,158.80180571953812,80.55442415556645,3,7,6,10,0.06997120000050927,0.030774900000324124,0.0030774900000324124,0.007411100001263549,0.1007461000008334,6,9,True,True,0.1041681000006065,83bdc0825e5e2e93054ab339a9a27ca1db05cfccb837d2524713925798716880
E2_v2,distance_oriented,1006,local,dubins,dubins,dubins,total_travel_time,20,3,7769.660164590049,75.43359383097135,72.03805554255726,88.50376073286044,177.85886522279588,97.30444106722936,80.55442415556645,1,20,20,10,0.04485559999920952,0.335099199999604,0.033509919999960405,0.06713979999949515,0.37995479999881354,0,26,True,True,0.3839693999998417,83bdc0825e5e2e93054ab339a9a27ca1db05cfccb837d2524713925798716880
E2_v2,time_aware,1007,local,dubins,dubins,dubins,weighted_delay,20,3,1951.1481792903378,19.70856746757917,26.30710474434514,17.054677553807824,90.53608495500883,160.62753541763587,85.7842610780996,3,8,6,10,0.08364050000091083,0.05602759999783302,0.005602759999783302,0.012925799999720766,0.13966809999874386,9,14,True,True,0.14288420000048063,ea69d165b54222d53244e69b6ef8594befc6149189a269a0f745eaab4c35bcd9
E2_v2,mission_completion,1007,local,dubins,dubins,dubins,makespan,20,3,2470.501948115597,24.954565132480777,27.108031891061927,21.348075910367136,84.86204948441056,162.09129874306012,85.7842610780996,3,8,6,10,0.046866399999998976,0.0762706999994407,0.00762706999994407,0.01907979999850795,0.12313709999943967,16,26,True,True,0.12581630000022415,ea69d165b54222d53244e69b6ef8594befc6149189a269a0f745eaab4c35bcd9
E2_v2,distance_oriented,1007,local,dubins,dubins,dubins,total_travel_time,20,3,6406.340316718774,64.7105082496846,79.02266756331534,55.069266786967724,182.16061329463597,96.37635221653636,85.7842610780996,1,20,20,10,0.042929999999614665,0.33903469999859226,0.03390346999985923,0.061778199999025674,0.3819646999982069,0,16,True,True,0.38583830000061425,ea69d165b54222d53244e69b6ef8594befc6149189a269a0f745eaab4c35bcd9
E2_v2,time_aware,1008,local,dubins,dubins,dubins,weighted_delay,20,3,1809.24686020484,19.247307023455743,26.96903352147059,13.498625965504738,85.57256928861848,163.49986420522217,79.08222261045597,3,7,6,10,0.04556140000022424,0.05202629999621422,0.005202629999621422,0.014097200000833254,0.09758769999643846,5,12,True,True,0.10044809999999416,130410a7df0436f226a401880941e077afad804faf45245d2c0e49964e8989a7
E2_v2,mission_completion,1008,local,dubins,dubins,dubins,makespan,20,3,2180.838871304867,23.200413524519863,27.302998111153716,24.19464628821217,88.27325939583751,158.9191103990345,79.08222261045597,3,7,6,10,0.08077159999993455,0.06685839999954624,0.006685839999954623,0.013763400000243564,0.1476299999994808,12,19,True,True,0.15028480000000854,130410a7df0436f226a401880941e077afad804faf45245d2c0e49964e8989a7
E2_v2,distance_oriented,1008,local,dubins,dubins,dubins,total_travel_time,20,3,7550.974618999651,80.32951722340054,87.53631072525384,84.33559900145676,193.63555470534038,114.55333209488438,79.08222261045597,1,20,20,10,0.0542935999983456,0.440490699998918,0.0440490699998918,0.08321020000039425,0.4947842999972636,0,40,True,True,0.4985231999999087,130410a7df0436f226a401880941e077afad804faf45245d2c0e49964e8989a7
E2_v2,time_aware,1009,local,dubins,dubins,dubins,weighted_delay,20,3,1801.8896278463014,17.160853598536203,20.383994594323056,15.57445543248398,85.02773188245476,169.00540959531133,74.35072124314618,3,8,6,10,0.0651082000003953,0.014151199999105302,0.00141511999991053,0.0038675999985571252,0.0792593999995006,2,2,True,True,0.08149969999976747,59d5fc10227424859a17932f916a88e8931935be60d343322b2bef07f5be18c9
E2_v2,mission_completion,1009,local,dubins,dubins,dubins,makespan,20,3,2076.931984405677,19.7803046133874,18.283874145718507,21.596843934931254,84.73788036459476,150.52281288715275,74.35072124314618,3,8,6,10,0.05393960000037623,0.00764290000188339,0.0007642900001883391,0.0014774999999644933,0.06158250000225962,2,0,True,True,0.06347679999998945,59d5fc10227424859a17932f916a88e8931935be60d343322b2bef07f5be18c9
E2_v2,distance_oriented,1009,local,dubins,dubins,dubins,total_travel_time,20,3,7010.041217165769,66.76229730634066,61.07610154959601,71.85353645716577,159.75775142152662,85.40703017838045,74.35072124314618,1,20,20,10,0.04390170000078797,0.25910380000095756,0.025910380000095757,0.04390860000057728,0.30300550000174553,0,16,True,True,0.30667170000015176,59d5fc10227424859a17932f916a88e8931935be60d343322b2bef07f5be18c9
E2_v2,time_aware,1010,local,dubins,dubins,dubins,weighted_delay,20,3,3175.9296020961465,22.685211443543903,25.121545531844056,20.237213164362664,96.43878162539589,187.4517518973709,88.76461610302128,3,8,6,10,0.04519549999895389,0.0401129999972909,0.00401129999972909,0.01305049999973562,0.08530849999624479,9,8,True,True,0.08821130000069388,1869ca5c28bbda9783a20b243d73b3d93d0c9dc2e12806f72db45732b060479d
E2_v2,mission_completion,1010,local,dubins,dubins,dubins,makespan,20,3,3707.3524458042907,26.481088898602078,26.077585560287577,26.313287625135487,94.04922932711966,180.8832812604084,88.76461610302128,3,7,6,10,0.05730790000052366,0.040923999997176,0.0040923999997175995,0.011963299999479204,0.09823189999769966,6,11,True,True,0.10115390000100888,1869ca5c28bbda9783a20b243d73b3d93d0c9dc2e12806f72db45732b060479d
E2_v2,distance_oriented,1010,local,dubins,dubins,dubins,total_travel_time,20,3,10717.917004415607,76.55655003154006,81.38043211849818,71.27043312771923,196.5270097011746,107.76239359815328,88.76461610302128,1,20,20,10,0.06027820000053907,0.3048692000011215,0.03048692000011215,0.04662339999958931,0.36514740000166057,0,12,True,True,0.3690105000005133,1869ca5c28bbda9783a20b243d73b3d93d0c9dc2e12806f72db45732b060479d
E2_v2,time_aware,1011,local,dubins,dubins,dubins,weighted_delay,20,3,1646.6577110958906,17.517635224424367,23.435682997639375,13.835358399838455,83.46754228911617,164.59555890584008,79.67199630422755,3,7,6,10,0.05330159999903117,0.025988799998231116,0.0025988799998231116,0.007743200001641526,0.07929039999726228,5,4,True,True,0.08221430000048713,84e1ef84e26c149f9976481e51b4d6bcd4ca3f787ac6e8c54689347ecc9d2b53
E2_v2,mission_completion,1011,local,dubins,dubins,dubins,makespan,20,3,2098.743363057895,22.32705705380739,20.647880612916737,25.84576589468616,78.48638159642215,148.5052572804959,79.67199630422755,3,8,6,10,0.1139973999997892,0.027545100001589162,0.0027545100001589162,0.009901599998556776,0.14154250000137836,5,6,True,True,0.14432790000137175,84e1ef84e26c149f9976481e51b4d6bcd4ca3f787ac6e8c54689347ecc9d2b53
E2_v2,distance_oriented,1011,local,dubins,dubins,dubins,total_travel_time,20,3,7604.365313154841,80.89750333143448,80.31200941593268,71.48826296606167,175.19550340129723,95.52350709706965,79.67199630422755,1,20,20,10,0.04360459999952582,0.3695455999986734,0.03695455999986734,0.06955399999969814,0.41315019999819924,0,16,True,True,0.4169071999986045,84e1ef84e26c149f9976481e51b4d6bcd4ca3f787ac6e8c54689347ecc9d2b53
E2_v2,time_aware,1012,local,dubins,dubins,dubins,weighted_delay,20,3,1714.782138140936,18.242363171712086,21.73830817710193,14.956002999806545,94.47697206022563,172.91973869995098,76.45062799188557,3,7,6,10,0.08282479999979842,0.014643800001067575,0.0014643800001067574,0.004680799998823204,0.09746860000086599,4,3,True,True,0.10007279999990715,5aa74fa4f62493624adc083d7764a9479d1906f1685d15b69cc5c48ea98be7dc
E2_v2,mission_completion,1012,local,dubins,dubins,dubins,makespan,20,3,2076.110970812579,22.086286923538076,22.982375029966025,19.922001425032406,85.21371788085283,169.70807185775178,76.45062799188557,3,8,6,10,0.0725641999997606,0.023686599995926372,0.0023686599995926374,0.013704799999686657,0.09625079999568698,6,5,True,True,0.09873470000093221,5aa74fa4f62493624adc083d7764a9479d1906f1685d15b69cc5c48ea98be7dc
E2_v2,distance_oriented,1012,local,dubins,dubins,dubins,total_travel_time,20,3,7404.10449295787,78.7670690740199,71.03869375561862,93.21235286305729,175.1583998565804,98.70777186469479,76.45062799188557,1,20,20,10,0.043646599999192404,0.35779290000209585,0.03577929000020959,0.0801683999998204,0.40143950000128825,0,38,True,True,0.4050509000007878,5aa74fa4f62493624adc083d7764a9479d1906f1685d15b69cc5c48ea98be7dc
E2_v2,time_aware,1013,local,dubins,dubins,dubins,weighted_delay,20,3,2117.4654219153867,19.42628827445309,23.65501550630001,16.391186719462816,88.88643608837715,164.53347187319696,76.36630151274245,3,7,6,10,0.05534769999940181,0.04055479999988165,0.004055479999988165,0.013713299998926232,0.09590249999928346,10,11,True,True,0.09808980000161682,ccf8aa59af2d36542617beb6743dc515a8699a45c84e583f1ce89d37960154f2
E2_v2,mission_completion,1013,local,dubins,dubins,dubins,makespan,20,3,2642.3141844265315,24.241414536023225,25.75548806280778,22.00747474458395,78.7210004618881,154.91539337174476,76.36630151274245,3,7,6,10,0.07581889999892155,0.045635299999048584,0.004563529999904859,0.013631600000735489,0.12145419999797014,9,10,True,True,0.12393420000080368,ccf8aa59af2d36542617beb6743dc515a8699a45c84e583f1ce89d37960154f2
E2_v2,distance_oriented,1013,local,dubins,dubins,dubins,total_travel_time,20,3,8837.152392757287,81.07479259410356,81.7337814219251,81.29069876043788,182.4989995670262,106.13269805428378,76.36630151274245,1,20,20,10,0.04236759999912465,0.35573159999876225,0.035573159999876224,0.06270279999989725,0.3980991999978869,0,18,True,True,0.4021683999999368,ccf8aa59af2d36542617beb6743dc515a8699a45c84e583f1ce89d37960154f2
E2_v2,time_aware,1014,local,dubins,dubins,dubins,weighted_delay,20,3,2377.0510560818593,19.80875880068216,22.916492631433535,16.762587687082537,82.3641169732204,169.71244842487943,74.37231421305987,3,7,6,10,0.04616410000016913,0.03857640000023821,0.003857640000023821,0.01253799999904004,0.08474050000040734,8,11,True,True,0.08763009999893256,3aaedda4226c8e220424c1bc8f1d03665ebe9998cf567a34dad06e65f472bc41
E2_v2,mission_completion,1014,local,dubins,dubins,dubins,makespan,20,3,3303.264827432204,27.527206895268368,27.556933548533955,23.036896401376573,83.04751116383588,167.52158107834902,74.37231421305987,3,8,6,10,0.045724700001301244,0.04383890000281099,0.004383890000281099,0.011863100000482518,0.08956360000411223,5,9,True,True,0.09231099999851722,3aaedda4226c8e220424c1bc8f1d03665ebe9998cf567a34dad06e65f472bc41
E2_v2,distance_oriented,1014,local,dubins,dubins,dubins,total_travel_time,20,3,8910.86518012518,74.2572098343765,73.9763622345371,65.79658892517827,173.03542247733978,98.66310826427991,74.37231421305987,1,20,20,10,0.04961820000062289,0.3515339999994467,0.03515339999994467,0.05196109999997134,0.40115220000006957,0,22,True,True,0.40521740000076534,3aaedda4226c8e220424c1bc8f1d03665ebe9998cf567a34dad06e65f472bc41
E2_v2,time_aware,1015,local,dubins,dubins,dubins,weighted_delay,20,3,2268.7588584061086,18.906323820050904,23.878021282643306,16.74597031080381,87.61040532380888,173.79392508246676,83.0371078521821,3,7,6,10,0.04945670000051905,0.02663819999906991,0.002663819999906991,0.005816800001412048,0.07609489999958896,5,8,True,True,0.07849130000067817,082327ff86e78dc801d3de3348edd45a8681c49616b965751f7f852f4b1a5869
E2_v2,mission_completion,1015,local,dubins,dubins,dubins,makespan,20,3,2748.7430122803053,22.906191769002543,24.358943227961166,21.840291223004417,86.39854065568605,163.18822373823707,83.0371078521821,3,7,6,10,0.05730589999984659,0.022453200002928497,0.00224532000029285,0.008220200001233025,0.07975910000277509,5,6,True,True,0.08216929999980493,082327ff86e78dc801d3de3348edd45a8681c49616b965751f7f852f4b1a5869
E2_v2,distance_oriented,1015,local,dubins,dubins,dubins,total_travel_time,20,3,9802.553585632146,81.68794654693455,81.87491463973159,78.82523520391364,199.29374250874616,116.25663465656406,83.0371078521821,1,20,20,10,0.07096530000126222,0.31321440000101575,0.03132144000010158,0.04480590000093798,0.38417970000227797,0,34,True,True,0.38784970000051544,082327ff86e78dc801d3de3348edd45a8681c49616b965751f7f852f4b1a5869
E2_v2,time_aware,1016,local,dubins,dubins,dubins,weighted_delay,20,3,2946.340067420632,22.491145552829252,28.286556217202815,19.401320843305545,89.73351898698142,157.99283094345296,88.9418880002415,3,7,6,10,0.062000100000659586,0.11038939999707509,0.011038939999707509,0.024731399998927373,0.17238949999773467,10,18,True,True,0.17547390000072483,8949ff6dab91c6d68f83a81a44011aca1c33902b4a6ee29250d25aff197c6caf
E2_v2,mission_completion,1016,local,dubins,dubins,dubins,makespan,20,3,3329.510494388791,25.416110644189242,29.36596484815043,24.64494251588673,92.41253927427279,163.1214557626956,88.9418880002415,3,7,6,10,0.09355090000099153,0.08760159999656025,0.008760159999656025,0.015960700000505312,0.18115249999755179,11,20,True,True,0.18457560000024387,8949ff6dab91c6d68f83a81a44011aca1c33902b4a6ee29250d25aff197c6caf
E2_v2,distance_oriented,1016,local,dubins,dubins,dubins,total_travel_time,20,3,10887.923757426699,83.11392181241754,85.76366290973966,87.82273560623166,187.89507043744572,98.95318243720426,88.9418880002415,1,20,20,10,0.04114149999986694,0.3706973000007565,0.03706973000007565,0.05274949999875389,0.41183880000062345,0,6,True,True,0.4158419999985199,8949ff6dab91c6d68f83a81a44011aca1c33902b4a6ee29250d25aff197c6caf
E2_v2,time_aware,1017,local,dubins,dubins,dubins,weighted_delay,20,3,2828.040274386991,24.171284396470007,30.842056944409524,15.888105184939072,91.36918889673285,163.41807513102873,88.75922744057918,3,7,6,10,0.11035230000015872,0.11394189999737137,0.011394189999737136,0.027113299998745788,0.22429419999753009,12,28,True,True,0.22757869999986724,72341d894d303a21a7b7385423f3ed5c4250929c5dc473e72e4685146eeb4826
E2_v2,mission_completion,1017,local,dubins,dubins,dubins,makespan,20,3,3719.9046418484077,31.794056767935107,27.71149720813629,37.74881776771448,81.43535398966196,140.7715488497083,88.75922744057918,3,7,6,10,0.08792580000044836,0.0852054000042699,0.00852054000042699,0.018217599999843515,0.17313120000471827,7,16,True,True,0.17620370000076946,72341d894d303a21a7b7385423f3ed5c4250929c5dc473e72e4685146eeb4826
E2_v2,distance_oriented,1017,local,dubins,dubins,dubins,total_travel_time,20,3,10879.99552771745,92.99141476681582,84.82847209583566,93.41679125888105,196.64445481463247,107.88522737405333,88.75922744057918,1,20,20,10,0.058830500000112806,0.3731909000016458,0.037319090000164576,0.061296100000618026,0.4320214000017586,0,24,True,True,0.4363768999992317,72341d894d303a21a7b7385423f3ed5c4250929c5dc473e72e4685146eeb4826
E2_v2,time_aware,1018,local,dubins,dubins,dubins,weighted_delay,20,3,1708.6184552770048,17.258772275525303,19.06606537316047,18.337884390154993,95.84876323401716,189.61644409799553,73.0262949426363,3,7,6,10,0.07967349999853468,0.009631099999751314,0.0009631099999751313,0.0029990999992151046,0.089304599998286,3,0,True,True,0.09167420000085258,b1446478e076bfc668b0fcf01ad993642d88d77d4c5d19fa6b07fcb513e6b2b7
E2_v2,mission_completion,1018,local,dubins,dubins,dubins,makespan,20,3,1802.379030334892,18.205848791261534,17.655065229577293,21.879001249087935,88.11962201327546,182.03604103575714,73.0262949426363,3,7,6,10,0.060790500001530745,0.011316600001009647,0.0011316600001009646,0.005415899999206886,0.07210710000254039,3,2,True,True,0.07484029999977793,b1446478e076bfc668b0fcf01ad993642d88d77d4c5d19fa6b07fcb513e6b2b7
E2_v2,distance_oriented,1018,local,dubins,dubins,dubins,total_travel_time,20,3,6071.140970279618,61.32465626545069,63.92357801652382,63.00774438200048,177.70740302053122,104.68110807789495,73.0262949426363,1,20,20,10,0.052695000000312575,0.18150069999501284,0.018150069999501285,0.03123779999987164,0.2341956999953254,0,4,True,True,0.23807969999870693,b1446478e076bfc668b0fcf01ad993642d88d77d4c5d19fa6b07fcb513e6b2b7
E2_v2,time_aware,1019,local,dubins,dubins,dubins,weighted_delay,20,3,2410.8747291950817,21.719592154910647,26.437547200596935,17.92556628529919,84.39385614910788,167.98001513607986,78.72624021854828,3,7,6,10,0.04946920000111277,0.08827719999499095,0.008827719999499096,0.0188546999997925,0.13774639999610372,10,22,True,True,0.14107610000064597,41599d3a2ad85dcbf0373acf94c1d1426055091064071f7b16b65e88a6653bb4
E2_v2,mission_completion,1019,local,dubins,dubins,dubins,makespan,20,3,3042.7501273085045,27.412163309085624,27.350144875679895,23.601638331939238,88.387494081051,168.61393306797365,78.72624021854828,3,7,6,10,0.05751790000067558,0.08541089999926044,0.008541089999926043,0.03089659999932337,0.14292879999993602,11,15,True,True,0.14618999999947846,41599d3a2ad85dcbf0373acf94c1d1426055091064071f7b16b65e88a6653bb4
E2_v2,distance_oriented,1019,local,dubins,dubins,dubins,total_travel_time,20,3,9142.395548173561,82.36392385741946,83.43545138602727,69.27460241560117,182.06051699388536,103.33427677533712,78.72624021854828,1,20,20,10,0.04275710000001709,0.40875559999767574,0.04087555999976757,0.06743809999898076,0.45151269999769283,0,16,True,True,0.45550879999973404,41599d3a2ad85dcbf0373acf94c1d1426055091064071f7b16b65e88a6653bb4
E2_v2,time_aware,1020,local,dubins,dubins,dubins,weighted_delay,20,3,1986.935446869603,16.838435990420365,21.514667017437024,13.35646214609802,86.60600631907607,159.16344114262637,78.05971687783364,3,7,6,10,0.1143303000008018,0.026746899999125162,0.002674689999912516,0.006515900000522379,0.14107719999992696,11,8,True,True,0.14348120000067865,c1b2e7bffc88ced63df8b78c0569a1865011ba09f9723afd0b11e1c6cdcd1d43
E2_v2,mission_completion,1020,local,dubins,dubins,dubins,makespan,20,3,2444.0457717943464,20.71225230334192,22.963051150397458,19.43905502806443,88.16178850723466,158.3082888526288,78.05971687783364,3,7,6,10,0.08768830000008165,0.032499999997526174,0.0032499999997526174,0.007019200000286219,0.12018829999760783,8,12,True,True,0.12283679999927699,c1b2e7bffc88ced63df8b78c0569a1865011ba09f9723afd0b11e1c6cdcd1d43
E2_v2,distance_oriented,1020,local,dubins,dubins,dubins,total_travel_time,20,3,8757.323283441021,74.2146040969578,71.17488815240151,76.30444444380073,171.35226708238645,93.29255020455281,78.05971687783364,1,20,20,10,0.04208160000052885,0.2863761999960843,0.028637619999608434,0.040389899999354384,0.3284577999966132,0,14,True,True,0.33207559999937075,c1b2e7bffc88ced63df8b78c0569a1865011ba09f9723afd0b11e1c6cdcd1d43
E2_v2,time_aware,1021,local,dubins,dubins,dubins,weighted_delay,20,3,2545.8962217666285,18.056001572812967,20.87368324203176,18.15913344648985,88.06123051549444,169.9623604869744,73.44618583211839,3,7,6,10,0.07558790000075533,0.01359509999747388,0.001359509999747388,0.0043251999995845836,0.0891829999982292,4,2,True,True,0.09115439999914088,b6c9e6d96fcc728cdc53084c1ce42e65f086da7a8fe5437ac9d2bf41effc84ae
E2_v2,mission_completion,1021,local,dubins,dubins,dubins,makespan,20,3,2926.521692506826,20.755472996502313,20.662502009263086,22.079523724578163,80.92810178530121,160.9613736342233,73.44618583211839,3,7,6,10,0.04735819999950763,0.018844999996872502,0.0018844999996872503,0.006042299999535317,0.06620319999638014,3,5,True,True,0.06890080000084708,b6c9e6d96fcc728cdc53084c1ce42e65f086da7a8fe5437ac9d2bf41effc84ae
E2_v2,distance_oriented,1021,local,dubins,dubins,dubins,total_travel_time,20,3,9471.844196033882,67.17619997187151,68.13824235620666,63.44132300035915,168.58750294107608,95.14131710895768,73.44618583211839,1,20,20,10,0.06347699999969336,0.24169029999939085,0.024169029999939085,0.04015179999987595,0.3051672999990842,0,4,True,True,0.3085422000003746,b6c9e6d96fcc728cdc53084c1ce42e65f086da7a8fe5437ac9d2bf41effc84ae
E2_v2,time_aware,1022,local,dubins,dubins,dubins,weighted_delay,20,3,1910.1765706691951,18.367082410280723,20.506787296055005,12.45828189498076,82.89090460992392,159.13829352549118,79.60962116856413,3,7,6,10,0.06987459999982093,0.010550799997872673,0.0010550799997872673,0.0020831000001635402,0.0804253999976936,4,1,True,True,0.08295259999977134,1006deff479e3c5be81834c44d75e485cc4a7a04c3724d8b8a5d969fbe8149d7
E2_v2,mission_completion,1022,local,dubins,dubins,dubins,makespan,20,3,2264.093392797586,21.770128776899867,21.230437333997948,17.357504186256865,84.02518696064544,165.87066429184551,79.60962116856413,3,7,6,10,0.0776798000006238,0.010008599998400314,0.0010008599998400313,0.0019355000003997702,0.08768839999902411,5,1,True,True,0.08979679999902146,1006deff479e3c5be81834c44d75e485cc4a7a04c3724d8b8a5d969fbe8149d7
E2_v2,distance_oriented,1022,local,dubins,dubins,dubins,total_travel_time,20,3,7701.153301989604,74.04955098066927,71.77296690844274,64.72757178168293,189.00966850074948,109.40004733218532,79.60962116856413,1,20,20,10,0.04365299999881245,0.23081750000164902,0.0230817500001649,0.04220770000029006,0.27447050000046147,0,0,True,True,0.2786431000004086,1006deff479e3c5be81834c44d75e485cc4a7a04c3724d8b8a5d969fbe8149d7
E2_v2,time_aware,1023,local,dubins,dubins,dubins,weighted_delay,20,3,2269.344839482181,20.630407631656194,22.731960009595447,16.897634320773225,88.11261116786527,170.11746531376548,76.22181400262484,3,7,6,10,0.12296369999967283,0.022785699997257325,0.0022785699997257326,0.0059701999998651445,0.14574939999693015,6,3,True,True,0.14830710000023828,40efeef7fc9164e156b3585d85f7516f576f310949983a94ec4dc1070f7f4f6d
E2_v2,mission_completion,1023,local,dubins,dubins,dubins,makespan,20,3,2856.825893841255,25.971144489465956,24.69597877246211,27.07722441921357,85.77214686058471,167.92988395916888,76.22181400262484,3,7,6,10,0.057122399999570916,0.028686900001048343,0.0028686900001048342,0.006006100000377046,0.08580930000061926,8,6,True,True,0.08834980000028736,40efeef7fc9164e156b3585d85f7516f576f310949983a94ec4dc1070f7f4f6d
E2_v2,distance_oriented,1023,local,dubins,dubins,dubins,total_travel_time,20,3,8496.28010789876,77.2389100718069,77.97592101332437,71.19102672678632,186.72572972744095,110.5039157248161,76.22181400262484,1,20,20,10,0.05686029999924358,0.29618099999788683,0.029618099999788684,0.06639609999911045,0.3530412999971304,0,20,True,True,0.35729300000093644,40efeef7fc9164e156b3585d85f7516f576f310949983a94ec4dc1070f7f4f6d
E2_v2,time_aware,1024,local,dubins,dubins,dubins,weighted_delay,20,3,1798.7048797404655,19.135158295111335,23.518000966681125,13.583742347478456,85.63019198069664,152.29714112784046,80.90978544727989,3,7,6,10,0.0706886999996641,0.041790600000240374,0.004179060000024037,0.011408700000174576,0.11247929999990447,8,13,True,True,0.11511809999865363,3afb6d98b1bc2e233007c18c726d82d62285d32320f7e9986799c185149dfbf6
E2_v2,mission_completion,1024,local,dubins,dubins,dubins,makespan,20,3,2271.457079917696,24.16443702040102,24.2417797927992,22.7029155672452,80.67774580113078,148.8190681805777,80.90978544727989,3,7,6,10,0.08742669999992358,0.0506956999997783,0.00506956999997783,0.0170499000014388,0.13812239999970188,5,8,True,True,0.14083270000082848,3afb6d98b1bc2e233007c18c726d82d62285d32320f7e9986799c185149dfbf6
E2_v2,distance_oriented,1024,local,dubins,dubins,dubins,total_travel_time,20,3,7485.37402980197,79.63163861491458,70.73464791733792,95.20677211774444,175.71293062880338,94.80314518152346,80.90978544727989,1,20,20,10,0.04171689999930095,0.3533569000028365,0.03533569000028365,0.05086970000047586,0.39507380000213743,0,36,True,True,0.3988045999994938,3afb6d98b1bc2e233007c18c726d82d62285d32320f7e9986799c185149dfbf6
E2_v2,time_aware,1025,local,dubins,dubins,dubins,weighted_delay,20,3,2221.4533762140527,18.9867809932825,22.072001869805952,18.094073059891826,86.50921425880843,176.99647158347724,76.94788546796208,3,8,5,10,0.07308970000121917,0.030586000000766944,0.0030586000000766946,0.00903670000116108,0.10367570000198612,5,9,True,True,0.10618330000033893,ae06e3fb6abd3b28fbf2fc6ceb91a8ad345125ab121f877b016070f42369f017
E2_v2,mission_completion,1025,local,dubins,dubins,dubins,makespan,20,3,2655.9384359656533,22.70032851252695,22.106814811781963,24.265237856036567,89.38776263177544,160.92985883138763,76.94788546796208,3,7,6,10,0.0661180000006425,0.03365900000244437,0.003365900000244437,0.00936810000166588,0.09977700000308687,10,11,True,True,0.10220399999889196,ae06e3fb6abd3b28fbf2fc6ceb91a8ad345125ab121f877b016070f42369f017
E2_v2,distance_oriented,1025,local,dubins,dubins,dubins,total_travel_time,20,3,8403.918797622346,71.82836579164398,68.4630473686554,78.66801927579864,170.58539204272356,93.63750657476152,76.94788546796208,1,20,20,10,0.041918999999325024,0.25614909999603697,0.025614909999603697,0.035465699998894706,0.298068099995362,0,22,True,True,0.302121900000202,ae06e3fb6abd3b28fbf2fc6ceb91a8ad345125ab121f877b016070f42369f017
E2_v2,time_aware,1026,local,dubins,dubins,dubins,weighted_delay,20,3,1917.254442522784,16.386790107032343,21.997984075926293,11.68692759595754,90.44372571623776,161.84419414725784,77.87241057760765,3,8,5,10,0.10180729999956384,0.03153259999999136,0.0031532599999991363,0.007770599999275873,0.1333398999995552,11,7,True,True,0.13617150000027323,3a7d0c62bfec7ca9a228a6d63c8a04c68b2938486617dc1bce5125a8093c59bc
E2_v2,mission_completion,1026,local,dubins,dubins,dubins,makespan,20,3,2798.2735774506205,23.916868183338636,23.417055263709194,22.42937608506669,83.33115976044704,169.65848649105936,77.87241057760765,3,7,6,10,0.06040249999932712,0.05896779999966384,0.0058967799999663836,0.023518399999375106,0.11937029999899096,13,19,True,True,0.12216620000071998,3a7d0c62bfec7ca9a228a6d63c8a04c68b2938486617dc1bce5125a8093c59bc
E2_v2,distance_oriented,1026,local,dubins,dubins,dubins,total_travel_time,20,3,7468.433436616021,63.832764415521545,71.14734360875464,61.87974191576278,170.58156037660834,92.7091497990007,77.87241057760765,1,20,20,10,0.04369179999957851,0.2700191000039922,0.02700191000039922,0.044650199999523466,0.3137109000035707,0,8,True,True,0.31776709999940067,3a7d0c62bfec7ca9a228a6d63c8a04c68b2938486617dc1bce5125a8093c59bc
E2_v2,time_aware,1027,local,dubins,dubins,dubins,weighted_delay,20,3,2693.280440788776,19.950225487324268,23.196141808420542,19.258418265158074,90.3055360670976,164.56125223606972,87.49322741588529,3,7,6,10,0.08234859999902255,0.0323383000013564,0.0032338300001356402,0.007208099999843398,0.11468690000037896,1,0,True,True,0.11744519999956538,714a3dea6d7ee1226f7a7ac5b2ed113ccaf09170837a426adc6c86885b112e02
E2_v2,mission_completion,1027,local,dubins,dubins,dubins,makespan,20,3,3510.0726651578348,26.000538260428407,25.248331916191642,25.90793858175429,94.67177003072173,182.38685776277822,87.49322741588529,3,7,6,10,0.09461899999951129,0.06744369999978517,0.006744369999978517,0.019048000000111642,0.16206269999929646,6,16,True,True,0.165885000000344,714a3dea6d7ee1226f7a7ac5b2ed113ccaf09170837a426adc6c86885b112e02
E2_v2,distance_oriented,1027,local,dubins,dubins,dubins,total_travel_time,20,3,10484.830051145576,77.66540778626353,79.11273984407902,76.57084987459106,184.32235078802242,96.8291233721371,87.49322741588529,1,20,20,10,0.04829749999953492,0.2874846999984584,0.028748469999845837,0.039429099999324535,0.3357821999979933,0,0,True,True,0.33972759999960545,714a3dea6d7ee1226f7a7ac5b2ed113ccaf09170837a426adc6c86885b112e02
E2_v2,time_aware,1028,local,dubins,dubins,dubins,weighted_delay,20,3,2233.448591255937,20.490354048219608,23.610417332530456,17.082758634904014,89.91792917451181,182.65308520166462,74.21904947241396,3,8,6,10,0.06845390000125917,0.06073450000076264,0.006073450000076264,0.023859200000515557,0.1291884000020218,9,15,True,True,0.13180189999911818,71d5519adbb72d19ab08a4b00e74ebeae69e187bd8613b80ac37460bd18301d9
E2_v2,mission_completion,1028,local,dubins,dubins,dubins,makespan,20,3,2730.973790756258,25.054805419782184,25.604149203009,28.100180257852628,87.57818911601234,181.10957362761144,74.21904947241396,3,7,6,10,0.11075250000067172,0.038708000000042375,0.0038708000000042377,0.012822799999412382,0.1494605000007141,5,7,True,True,0.15220190000036382,71d5519adbb72d19ab08a4b00e74ebeae69e187bd8613b80ac37460bd18301d9
E2_v2,distance_oriented,1028,local,dubins,dubins,dubins,total_travel_time,20,3,8259.439265095225,75.77467215683693,74.89662606277072,92.65963850064801,181.35459070408845,107.13554123167455,74.21904947241396,1,20,20,10,0.07270470000003115,0.29679169999508304,0.029679169999508304,0.050713799999357434,0.3694963999951142,0,14,True,True,0.3740240000006452,71d5519adbb72d19ab08a4b00e74ebeae69e187bd8613b80ac37460bd18301d9
E2_v2,time_aware,1029,local,dubins,dubins,dubins,weighted_delay,20,3,1698.0787381116681,17.50596637228524,19.756068896967427,15.812220331570638,94.15833043510068,192.95720182798132,68.8142425626547,3,7,6,10,0.07521249999990687,0.015902299999652314,0.0015902299999652314,0.005607700000837212,0.09111479999955918,5,4,True,True,0.0939948999985063,ae386fd35e1e2f52ab263eea23817fe86033e2136dcb34a28396cddeefd8ccd4
E2_v2,mission_completion,1029,local,dubins,dubins,dubins,makespan,20,3,2029.24558604561,20.920057588099073,21.891107481001885,23.504967652906366,90.55813671055316,188.02012742248561,68.8142425626547,3,8,5,10,0.06138470000041707,0.019068900001002476,0.0019068900001002476,0.008752600000661914,0.08045360000141955,7,4,True,True,0.08237300000109826,ae386fd35e1e2f52ab263eea23817fe86033e2136dcb34a28396cddeefd8ccd4
E2_v2,distance_oriented,1029,local,dubins,dubins,dubins,total_travel_time,20,3,7309.742192902931,75.35816693714361,76.88936714644426,64.94798345318968,185.13858351941823,116.3243409567636,68.8142425626547,1,20,20,10,0.05379460000040126,0.28761129999838886,0.028761129999838885,0.03871099999923899,0.3414058999987901,0,16,True,True,0.3451924000000872,ae386fd35e1e2f52ab263eea23817fe86033e2136dcb34a28396cddeefd8ccd4
