experiment,variant,seed,strategy,travel_model,planning_travel_model,execution_travel_model,objective_mode,task_count,uav_count,weighted_delay,weighted_mean_delay,mean_delay,high_priority_mean_delay,makespan,total_travel_time,total_service_time,replanning_count,initial_planning_runtime,total_replanning_runtime,mean_replanning_runtime,max_replanning_runtime,total_algorithm_runtime,assignment_changes,successor_edge_changes,time_consistency_check,feasible,runner_wall_runtime,scenario_fingerprint
E4,no_reorder,1000,no_reorder,dubins,dubins,dubins,weighted_delay,20,3,1938.2814426628297,18.11477983797037,24.47578267918703,15.728047807502689,75.60969932262304,166.76093063646834,81.19017107011354,10,0.0778520000003482,0.005597800001851283,0.0005597800001851283,0.001046699999278644,0.08344980000219948,0,0,True,True,0.08626530000037747,003efd5ffe91eda82ee5212d1e1fc1115a654b2079ec04a608d4766b8a3bd068
E4,full,1000,full,dubins,dubins,dubins,weighted_delay,20,3,1863.3393175389865,17.414386145224174,22.704611875064604,15.58520551771712,69.89062288185711,154.54740630248574,81.19017107011354,10,0.07570699999996577,0.0631543999988935,0.006315439999889349,0.02177560000018275,0.13886139999885927,11,11,True,True,0.14130170000134967,003efd5ffe91eda82ee5212d1e1fc1115a654b2079ec04a608d4766b8a3bd068
E4,local,1000,local,dubins,dubins,dubins,weighted_delay,20,3,1923.026466558786,17.972209967839124,24.322905628300294,15.728047807502689,74.70841185110017,169.66974853467696,81.19017107011354,10,0.07737199999974109,0.03081210000163992,0.003081210000163992,0.0058767999998963205,0.10818410000138101,10,11,True,True,0.11054599999988568,003efd5ffe91eda82ee5212d1e1fc1115a654b2079ec04a608d4766b8a3bd068
E4,no_reorder,1001,no_reorder,dubins,dubins,dubins,weighted_delay,20,3,2331.9509928037555,19.114352400030782,23.744979854749865,16.826508129449902,72.02754797886139,157.91359110319002,78.5731594633367,10,0.047578099998645484,0.006153999998787185,0.0006153999998787185,0.0012834000008297153,0.05373209999743267,0,0,True,True,0.05601380000007339,326a5400532f40cb7bdcebae3f9c8dfd872dced5e3505899268f16c5315dbfbc
E4,full,1001,full,dubins,dubins,dubins,weighted_delay,20,3,2238.288715683128,18.34662881707482,23.532092260582125,14.658928984334564,69.59623072881273,147.55523751520877,78.5731594633367,10,0.04874589999963064,0.13212550000025658,0.013212550000025658,0.03608130000066012,0.18087139999988722,16,23,True,True,0.18347009999888542,326a5400532f40cb7bdcebae3f9c8dfd872dced5e3505899268f16c5315dbfbc
E4,local,1001,local,dubins,dubins,dubins,weighted_delay,20,3,2297.4610601729114,18.831648034204193,23.977947279694597,16.216431281931193,76.96969125103536,159.02737123818744,78.5731594633367,10,0.049039499999707914,0.04725519999738026,0.004725519999738026,0.009487299999818788,0.09629469999708817,12,15,True,True,0.09873229999902833,326a5400532f40cb7bdcebae3f9c8dfd872dced5e3505899268f16c5315dbfbc
E4,no_reorder,1002,no_reorder,dubins,dubins,dubins,weighted_delay,20,3,2170.3220434812188,21.071087800788533,21.98526155009324,19.345015990842814,73.60692075924692,152.07667583811704,76.90693803051695,10,0.04624409999996715,0.004689299999881769,0.0004689299999881769,0.0007595999995828606,0.050933399999848916,0,0,True,True,0.053214999999909196,bac977afff5983f5f02211e95bb5bd4acf7a0d9a328b4221afb60dccebcb1493
E4,full,1002,full,dubins,dubins,dubins,weighted_delay,20,3,2019.6343120410784,19.608100116903675,20.90146128719549,14.095905629226992,70.82381042896984,142.61705680613335,76.90693803051695,10,0.0421358000003238,0.06102450000435056,0.006102450000435055,0.01643039999908069,0.10316030000467435,13,12,True,True,0.10547029999906954,bac977afff5983f5f02211e95bb5bd4acf7a0d9a328b4221afb60dccebcb1493
E4,local,1002,local,dubins,dubins,dubins,weighted_delay,20,3,2014.83143742597,19.561470266271556,21.04081053942801,14.695671819429242,69.14690355047358,146.87636729836092,76.90693803051695,10,0.04184560000066995,0.03079740000066522,0.003079740000066522,0.012884100000519538,0.07264300000133517,11,10,True,True,0.07498080000004848,bac977afff5983f5f02211e95bb5bd4acf7a0d9a328b4221afb60dccebcb1493
E4,no_reorder,1003,no_reorder,dubins,dubins,dubins,weighted_delay,20,3,2130.403987913489,17.180677321882975,19.929443204279785,15.598635533137493,76.71490716544308,163.02119425020845,79.94105783304978,10,0.04573450000134471,0.0025250000016967533,0.0002525000001696753,0.0006610999989788979,0.04825950000304147,0,0,True,True,0.05016090000026452,928e6ecadcc3e29bce8ab1bcdc3ba9bb293cdedc1b5e429a3696296f9a79850a
E4,full,1003,full,dubins,dubins,dubins,weighted_delay,20,3,2313.0755342733805,18.653834953817586,20.27520084386177,18.30868873522862,78.25737437262946,164.8022010503985,79.94105783304978,10,0.049114100000224425,0.022347599999193335,0.0022347599999193333,0.010059799998998642,0.07146169999941776,7,6,True,True,0.07344899999952759,928e6ecadcc3e29bce8ab1bcdc3ba9bb293cdedc1b5e429a3696296f9a79850a
E4,local,1003,local,dubins,dubins,dubins,weighted_delay,20,3,2314.4697200244145,18.665078387293665,20.383830820941547,18.29499387723741,74.83795944604165,170.92336510823435,79.94105783304978,10,0.04927700000007462,0.010578899997199187,0.0010578899997199186,0.005912799999350682,0.05985589999727381,4,4,True,True,0.06180619999940973,928e6ecadcc3e29bce8ab1bcdc3ba9bb293cdedc1b5e429a3696296f9a79850a
E4,no_reorder,1004,no_reorder,dubins,dubins,dubins,weighted_delay,20,3,2008.2887929465992,20.082887929465993,22.326783392903394,18.10088636229417,83.95634877435727,199.14198771251142,84.36853573586968,10,0.03938670000025013,0.0032588000012765406,0.00032588000012765404,0.0009602000009181211,0.04264550000152667,0,0,True,True,0.04459270000006654,36f049506a9f245c3a7992826d6a406fc84dc5560363ffe26fa19d3cb1196cf1
E4,full,1004,full,dubins,dubins,dubins,weighted_delay,20,3,2010.83768266417,20.1083768266417,23.42798153245763,18.060223912459133,82.84992579316436,192.4618024228426,84.36853573586968,10,0.039770299999872805,0.05247400000371272,0.005247400000371272,0.023260200001459452,0.09224430000358552,12,11,True,True,0.09427149999828544,36f049506a9f245c3a7992826d6a406fc84dc5560363ffe26fa19d3cb1196cf1
E4,local,1004,local,dubins,dubins,dubins,weighted_delay,20,3,1986.8109505189816,19.868109505189818,22.60893724712944,18.696398406492996,83.31948887398518,199.0557481938905,84.36853573586968,10,0.04025580000052287,0.014551800000845105,0.0014551800000845105,0.004453400000784313,0.05480760000136797,4,3,True,True,0.05693749999954889,36f049506a9f245c3a7992826d6a406fc84dc5560363ffe26fa19d3cb1196cf1
E4,no_reorder,1005,no_reorder,dubins,dubins,dubins,weighted_delay,20,3,1729.0243878349697,19.00026799818648,22.705853985953503,15.586426541074806,70.4376832319298,171.87928523879214,78.66747659875745,10,0.0402775999991718,0.00415679999787244,0.000415679999787244,0.0007260000002133893,0.04443439999704424,0,0,True,True,0.0463846000002377,ac3e0c423ba30b6ed83812071978ee0eab613ff0a3b2a3dd494f8ec12ad0e6d9
E4,full,1005,full,dubins,dubins,dubins,weighted_delay,20,3,1634.9900971266575,17.966924144248985,21.803695054976707,14.573600276764234,73.81226747281673,170.73858790448307,78.66747659875745,10,0.039327700000285404,0.047563200003423844,0.004756320000342385,0.014986500000304659,0.08689090000370925,16,3,True,True,0.08928340000056778,ac3e0c423ba30b6ed83812071978ee0eab613ff0a3b2a3dd494f8ec12ad0e6d9
E4,local,1005,local,dubins,dubins,dubins,weighted_delay,20,3,1671.482074595029,18.367934885659658,22.62438888918954,14.616350035176396,78.32138013232414,164.35860490818368,78.66747659875745,10,0.040302100000189967,0.02088729999923089,0.002088729999923089,0.004141199999139644,0.06118939999942086,12,3,True,True,0.06330340000022261,ac3e0c423ba30b6ed83812071978ee0eab613ff0a3b2a3dd494f8ec12ad0e6d9
E4,no_reorder,1006,no_reorder,dubins,dubins,dubins,weighted_delay,20,3,1994.6122914652617,19.365167878303513,21.91542313492911,18.424675139127498,78.17485942103824,148.37515608443576,80.55442415556645,10,0.05786839999927906,0.005364499997085659,0.0005364499997085659,0.0013492999987647636,0.06323289999636472,0,0,True,True,0.06541800000013609,83bdc0825e5e2e93054ab339a9a27ca1db05cfccb837d2524713925798716880
E4,full,1006,full,dubins,dubins,dubins,weighted_delay,20,3,2003.4769123025221,19.451232158276913,23.623093991381765,16.36825410031727,80.31154861665593,162.26311817353826,80.55442415556645,10,0.059658100000888226,0.07886729999881936,0.007886729999881936,0.02352719999908004,0.1385253999997076,9,6,True,True,0.14110000000073342,83bdc0825e5e2e93054ab339a9a27ca1db05cfccb837d2524713925798716880
E4,local,1006,local,dubins,dubins,dubins,weighted_delay,20,3,1911.2653127513893,18.555973910207662,21.11848679402622,16.72006897695177,74.96648890858505,139.87530336901645,80.55442415556645,10,0.05603520000113349,0.0191357000003336,0.0019135700000333599,0.004338900000220747,0.07517090000146709,3,3,True,True,0.07774700000118173,83bdc0825e5e2e93054ab339a9a27ca1db05cfccb837d2524713925798716880
E4,no_reorder,1007,no_reorder,dubins,dubins,dubins,weighted_delay,20,3,1933.7990367328014,19.53332360336163,26.89902902003515,15.984901641919107,74.66141918356462,160.53780842152582,85.7842610780996,10,0.07247219999953813,0.005702100001144572,0.0005702100001144572,0.0008894000002328539,0.0781743000006827,0,0,True,True,0.08019120000062685,ea69d165b54222d53244e69b6ef8594befc6149189a269a0f745eaab4c35bcd9
E4,full,1007,full,dubins,dubins,dubins,weighted_delay,20,3,1908.3880515533147,19.276646985387018,26.15747642334204,16.08808530255119,73.6154177949979,158.70825628380464,85.7842610780996,10,0.0726288999994722,0.11495780000041123,0.011495780000041122,0.023714799999652314,0.18758669999988342,20,28,True,True,0.19015399999989313,ea69d165b54222d53244e69b6ef8594befc6149189a269a0f745eaab4c35bcd9
E4,local,1007,local,dubins,dubins,dubins,weighted_delay,20,3,1951.1481792903378,19.70856746757917,26.30710474434514,17.054677553807824,79.86790835611512,160.62753541763587,85.7842610780996,10,0.07417229999919073,0.050462399996831664,0.005046239999683166,0.011024600000382634,0.12463469999602239,9,14,True,True,0.1276216000005661,ea69d165b54222d53244e69b6ef8594befc6149189a269a0f745eaab4c35bcd9
E4,no_reorder,1008,no_reorder,dubins,dubins,dubins,weighted_delay,20,3,1857.5931475957707,19.76162922974224,28.450124694527478,13.295256172352776,89.94002809271468,176.20656934076146,79.08222261045597,10,0.05391019999842683,0.009941700001945719,0.000994170000194572,0.0017769000005500857,0.06385190000037255,0,0,True,True,0.06693520000044373,130410a7df0436f226a401880941e077afad804faf45245d2c0e49964e8989a7
E4,full,1008,full,dubins,dubins,dubins,weighted_delay,20,3,1809.24686020484,19.247307023455743,26.96903352147059,13.498625965504738,74.16747916216457,163.49986420522217,79.08222261045597,10,0.052138299999569426,0.2435788999991928,0.02435788999991928,0.07324499999958789,0.2957171999987622,18,28,True,True,0.29937950000021374,130410a7df0436f226a401880941e077afad804faf45245d2c0e49964e8989a7
E4,local,1008,local,dubins,dubins,dubins,weighted_delay,20,3,1809.24686020484,19.247307023455743,26.96903352147059,13.498625965504738,74.16747916216457,163.49986420522217,79.08222261045597,10,0.05579880000004778,0.060748899997634,0.0060748899997634,0.015075299999807612,0.11654769999768178,5,12,True,True,0.11993780000011611,130410a7df0436f226a401880941e077afad804faf45245d2c0e49964e8989a7
E4,no_reorder,1009,no_reorder,dubins,dubins,dubins,weighted_delay,20,3,1849.0956883604908,17.61043512724277,21.81142912853309,15.679856367707348,76.22832489864496,170.3194387483722,74.35072124314618,10,0.06440909999946598,0.004826799997317721,0.0004826799997317721,0.0010296999989805045,0.0692358999967837,0,0,True,True,0.07217249999848718,59d5fc10227424859a17932f916a88e8931935be60d343322b2bef07f5be18c9
E4,full,1009,full,dubins,dubins,dubins,weighted_delay,20,3,1757.8872477825432,16.741783312214697,19.521503331299147,15.540591740243647,75.23793605495695,154.59053063538533,74.35072124314618,10,0.07141440000123112,0.0432280000004539,0.004322800000045391,0.013622299999042298,0.11464240000168502,9,6,True,True,0.11835699999937788,59d5fc10227424859a17932f916a88e8931935be60d343322b2bef07f5be18c9
E4,local,1009,local,dubins,dubins,dubins,weighted_delay,20,3,1801.8896278463014,17.160853598536203,20.383994594323056,15.57445543248398,73.38418156514842,169.00540959531133,74.35072124314618,10,0.07173409999995783,0.01944280000316212,0.001944280000316212,0.004448400000910624,0.09117690000311995,2,2,True,True,0.09421510000174749,59d5fc10227424859a17932f916a88e8931935be60d343322b2bef07f5be18c9
E4,no_reorder,1010,no_reorder,dubins,dubins,dubins,weighted_delay,20,3,3253.3318681855053,23.23808477275361,25.50250760607658,21.008227065909658,82.48309983853713,193.04678741924155,88.76461610302128,10,0.051246099999843864,0.006778099999792175,0.0006778099999792175,0.0015125000008993084,0.05802419999963604,0,0,True,True,0.060749399999622256,1869ca5c28bbda9783a20b243d73b3d93d0c9dc2e12806f72db45732b060479d
E4,full,1010,full,dubins,dubins,dubins,weighted_delay,20,3,3175.9296020961465,22.685211443543903,25.121545531844056,20.237213164362664,84.63118817303851,187.4517518973709,88.76461610302128,10,0.047708500000226195,0.11465690000295581,0.01146569000029558,0.03628759999992326,0.162365400003182,12,12,True,True,0.16524550000031013,1869ca5c28bbda9783a20b243d73b3d93d0c9dc2e12806f72db45732b060479d
E4,local,1010,local,dubins,dubins,dubins,weighted_delay,20,3,3175.9296020961465,22.685211443543903,25.121545531844056,20.237213164362664,84.63118817303851,187.4517518973709,88.76461610302128,10,0.048838000000614556,0.04145580000295013,0.0041455800002950126,0.012350699998933123,0.09029380000356468,9,8,True,True,0.09326180000061868,1869ca5c28bbda9783a20b243d73b3d93d0c9dc2e12806f72db45732b060479d
E4,no_reorder,1011,no_reorder,dubins,dubins,dubins,weighted_delay,20,3,1682.5161354024185,17.899107823429983,23.358978576449186,13.339348306544622,75.2120494656508,162.44547969706548,79.67199630422755,10,0.05774380000002566,0.006478799998149043,0.0006478799998149043,0.0017416000009689014,0.0642225999981747,0,0,True,True,0.0671701999999641,84e1ef84e26c149f9976481e51b4d6bcd4ca3f787ac6e8c54689347ecc9d2b53
E4,full,1011,full,dubins,dubins,dubins,weighted_delay,20,3,1671.4721485295104,17.78161860137777,23.324552433323852,12.622762068067107,73.52380202813667,159.0993118478421,79.67199630422755,10,0.06911939999918104,0.10703969999667606,0.010703969999667606,0.035223999999288935,0.1761590999958571,15,12,True,True,0.17935639999996056,84e1ef84e26c149f9976481e51b4d6bcd4ca3f787ac6e8c54689347ecc9d2b53
E4,local,1011,local,dubins,dubins,dubins,weighted_delay,20,3,1646.6577110958906,17.517635224424367,23.435682997639375,13.835358399838455,73.27531578482846,164.59555890584008,79.67199630422755,10,0.06038260000059381,0.030566200004614075,0.0030566200004614073,0.010661000000254717,0.09094880000520789,5,4,True,True,0.09413750000021537,84e1ef84e26c149f9976481e51b4d6bcd4ca3f787ac6e8c54689347ecc9d2b53
E4,no_reorder,1012,no_reorder,dubins,dubins,dubins,weighted_delay,20,3,1786.9802586669543,19.010428283691002,22.449793613425964,15.683822474027066,74.75346689279888,169.79193426006012,76.45062799188557,10,0.10998970000036934,0.00460170000224025,0.000460170000224025,0.0008568000012019183,0.11459140000260959,0,0,True,True,0.11762170000110928,5aa74fa4f62493624adc083d7764a9479d1906f1685d15b69cc5c48ea98be7dc
E4,full,1012,full,dubins,dubins,dubins,weighted_delay,20,3,1712.6848536703542,18.220051634791,21.978938676727147,14.956002999806545,76.94641093057926,177.03115169787205,76.45062799188557,10,0.09064070000022184,0.035095999997793115,0.0035095999997793114,0.008154299999659997,0.12573669999801496,7,3,True,True,0.1285654000002978,5aa74fa4f62493624adc083d7764a9479d1906f1685d15b69cc5c48ea98be7dc
E4,local,1012,local,dubins,dubins,dubins,weighted_delay,20,3,1714.782138140936,18.242363171712086,21.73830817710193,14.956002999806545,79.38957483154292,172.91973869995098,76.45062799188557,10,0.08954860000085318,0.01929030000428611,0.001929030000428611,0.0056435999995301245,0.1088389000051393,4,3,True,True,0.11203430000023218,5aa74fa4f62493624adc083d7764a9479d1906f1685d15b69cc5c48ea98be7dc
E4,no_reorder,1013,no_reorder,dubins,dubins,dubins,weighted_delay,20,3,2109.5163871970476,19.35336135043163,23.770847415965868,15.60606437503902,72.48665225028562,165.7437004372104,76.36630151274245,10,0.0634684999986348,0.007806599996911245,0.0007806599996911245,0.002464400000462774,0.07127509999554604,0,0,True,True,0.07418789999974251,ccf8aa59af2d36542617beb6743dc515a8699a45c84e583f1ce89d37960154f2
E4,full,1013,full,dubins,dubins,dubins,weighted_delay,20,3,1973.744247174435,18.107745386921422,22.913522963045367,15.85939976385446,71.3561505629995,159.38954017587037,76.36630151274245,10,0.06554080000023532,0.2120174000010593,0.02120174000010593,0.1102896000011242,0.2775582000012946,17,13,True,True,0.2808772999997018,ccf8aa59af2d36542617beb6743dc515a8699a45c84e583f1ce89d37960154f2
E4,local,1013,local,dubins,dubins,dubins,weighted_delay,20,3,2117.4654219153867,19.42628827445309,23.65501550630001,16.391186719462816,72.8599636848935,164.53347187319696,76.36630151274245,10,0.07079539999904227,0.05371010000271781,0.005371010000271781,0.018175700000938377,0.12450550000176008,10,11,True,True,0.12807679999968968,ccf8aa59af2d36542617beb6743dc515a8699a45c84e583f1ce89d37960154f2
E4,no_reorder,1014,no_reorder,dubins,dubins,dubins,weighted_delay,20,3,2443.0431764343557,20.358693136952965,24.091123943459422,17.268605825190008,82.0726699299283,184.9362581408645,74.37231421305987,10,0.054323399999702815,0.006738600000971928,0.0006738600000971928,0.0016840999996929895,0.06106200000067474,0,0,True,True,0.0639391999993677,3aaedda4226c8e220424c1bc8f1d03665ebe9998cf567a34dad06e65f472bc41
E4,full,1014,full,dubins,dubins,dubins,weighted_delay,20,3,2388.630941204114,19.905257843367618,23.674576144333678,16.918989814830592,73.9204495586389,167.58017741897157,74.37231421305987,10,0.05783190000147442,0.13710290000199166,0.013710290000199165,0.04643749999922875,0.19493480000346608,14,18,True,True,0.19856869999966875,3aaedda4226c8e220424c1bc8f1d03665ebe9998cf567a34dad06e65f472bc41
E4,local,1014,local,dubins,dubins,dubins,weighted_delay,20,3,2377.0510560818593,19.80875880068216,22.916492631433535,16.762587687082537,72.49934558129436,169.71244842487943,74.37231421305987,10,0.04937620000055176,0.04364199999690754,0.004364199999690755,0.01488219999919238,0.0930181999974593,8,11,True,True,0.0961289000006218,3aaedda4226c8e220424c1bc8f1d03665ebe9998cf567a34dad06e65f472bc41
E4,no_reorder,1015,no_reorder,dubins,dubins,dubins,weighted_delay,20,3,2268.5977676226253,18.90498139685521,25.321177666647607,15.959245787133687,85.62343827253551,179.7947646053503,83.0371078521821,10,0.060565899999346584,0.0066466000007494586,0.0006646600000749459,0.0009699000002001412,0.06721250000009604,0,0,True,True,0.06983209999998508,082327ff86e78dc801d3de3348edd45a8681c49616b965751f7f852f4b1a5869
E4,full,1015,full,dubins,dubins,dubins,weighted_delay,20,3,2237.6105589202743,18.646754657668954,24.217146063444222,16.258692217011244,77.1356323768422,168.9559907381361,83.0371078521821,10,0.0557952999988629,0.08178530000441242,0.008178530000441242,0.01642079999874113,0.13758060000327532,10,14,True,True,0.1409272000000783,082327ff86e78dc801d3de3348edd45a8681c49616b965751f7f852f4b1a5869
E4,local,1015,local,dubins,dubins,dubins,weighted_delay,20,3,2268.7588584061086,18.906323820050904,23.878021282643306,16.74597031080381,75.85288348435353,173.79392508246676,83.0371078521821,10,0.05984069999976782,0.030100099998890073,0.0030100099998890072,0.006714499999361578,0.0899407999986579,5,8,True,True,0.09265919999961625,082327ff86e78dc801d3de3348edd45a8681c49616b965751f7f852f4b1a5869
E4,no_reorder,1016,no_reorder,dubins,dubins,dubins,weighted_delay,20,3,3037.765461480686,23.189049324280045,30.108455001294857,19.40770123119508,86.31327590074788,161.23536066988507,88.9418880002415,10,0.07311920000029204,0.014144799999485258,0.0014144799999485258,0.0023145000013755634,0.0872639999997773,0,0,True,True,0.0909351999998762,8949ff6dab91c6d68f83a81a44011aca1c33902b4a6ee29250d25aff197c6caf
E4,full,1016,full,dubins,dubins,dubins,weighted_delay,20,3,3032.7273639324026,23.150590564369484,29.304807293811383,19.59861768725921,73.74756407491691,157.93637297904533,88.9418880002415,10,0.07031520000055025,0.2967681999980414,0.02967681999980414,0.060248499999943306,0.36708339999859163,26,45,True,True,0.3707570999995369,8949ff6dab91c6d68f83a81a44011aca1c33902b4a6ee29250d25aff197c6caf
E4,local,1016,local,dubins,dubins,dubins,weighted_delay,20,3,2946.340067420632,22.491145552829252,28.286556217202815,19.401320843305545,72.31528624483887,157.99283094345296,88.9418880002415,10,0.07218959999954677,0.12585150000086287,0.012585150000086287,0.026470000000699656,0.19804110000040964,10,18,True,True,0.20186160000048403,8949ff6dab91c6d68f83a81a44011aca1c33902b4a6ee29250d25aff197c6caf
E4,no_reorder,1017,no_reorder,dubins,dubins,dubins,weighted_delay,20,3,2900.8135380303543,24.793278102823542,31.63620591121592,16.130808423368983,84.27620669474337,170.836855891975,88.75922744057918,10,0.12132399999973131,0.013565299997935654,0.0013565299997935654,0.0020420999990165,0.13488929999766697,0,0,True,True,0.1381775000008929,72341d894d303a21a7b7385423f3ed5c4250929c5dc473e72e4685146eeb4826
E4,full,1017,full,dubins,dubins,dubins,weighted_delay,20,3,2734.301139520727,23.37009520957886,30.314991193687423,14.842530437128952,74.3012380181211,156.8318190770604,88.75922744057918,10,0.12830050000047777,0.4456993000021612,0.04456993000021612,0.09425559999908728,0.573999800002639,38,62,True,True,0.578662500000064,72341d894d303a21a7b7385423f3ed5c4250929c5dc473e72e4685146eeb4826
E4,local,1017,local,dubins,dubins,dubins,weighted_delay,20,3,2828.040274386991,24.171284396470007,30.842056944409524,15.888105184939072,80.80851149594363,163.41807513102873,88.75922744057918,10,0.12673159999940253,0.1427220000005036,0.014272200000050361,0.03402589999859629,0.26945359999990615,12,28,True,True,0.2737470000010944,72341d894d303a21a7b7385423f3ed5c4250929c5dc473e72e4685146eeb4826
E4,no_reorder,1018,no_reorder,dubins,dubins,dubins,weighted_delay,20,3,1757.6564311004927,17.75410536465144,20.177189838365475,18.337884390154993,96.22134570878156,193.17212894621326,73.0262949426363,10,0.08035639999980049,0.0037603000018862076,0.0003760300001886208,0.0009067999999388121,0.0841167000016867,0,0,True,True,0.08665680000012799,b1446478e076bfc668b0fcf01ad993642d88d77d4c5d19fa6b07fcb513e6b2b7
E4,full,1018,full,dubins,dubins,dubins,weighted_delay,20,3,1688.066595325547,17.051177730561083,18.713912607715734,18.158280241997545,81.54738990145029,186.40741332661804,73.0262949426363,10,0.09131019999949785,0.029265299999678973,0.0029265299999678973,0.013082900000881637,0.12057549999917683,4,1,True,True,0.12324069999885978,b1446478e076bfc668b0fcf01ad993642d88d77d4c5d19fa6b07fcb513e6b2b7
E4,local,1018,local,dubins,dubins,dubins,weighted_delay,20,3,1708.6184552770048,17.258772275525303,19.06606537316047,18.337884390154993,82.62501479039499,189.61644409799553,73.0262949426363,10,0.09932759999901464,0.012388799999826006,0.0012388799999826007,0.004323499999372871,0.11171639999884064,3,0,True,True,0.11425060000146914,b1446478e076bfc668b0fcf01ad993642d88d77d4c5d19fa6b07fcb513e6b2b7
E4,no_reorder,1019,no_reorder,dubins,dubins,dubins,weighted_delay,20,3,2451.831449711206,22.088571619019874,27.152437238101804,18.35616030769217,75.17483775758522,164.35594574643963,78.72624021854828,10,0.05386329999964801,0.011880899997777306,0.0011880899997777305,0.0021178000006329967,0.06574419999742531,0,0,True,True,0.06896789999882458,41599d3a2ad85dcbf0373acf94c1d1426055091064071f7b16b65e88a6653bb4
E4,full,1019,full,dubins,dubins,dubins,weighted_delay,20,3,2394.7876997456083,21.574663961672147,26.280635953928247,17.801764780392332,68.51715542178793,162.760685712082,78.72624021854828,10,0.0497176999997464,0.319985899999665,0.0319985899999665,0.061763300000166055,0.3697035999994114,13,20,True,True,0.3732698000003438,41599d3a2ad85dcbf0373acf94c1d1426055091064071f7b16b65e88a6653bb4
E4,local,1019,local,dubins,dubins,dubins,weighted_delay,20,3,2410.8747291950817,21.719592154910647,26.437547200596935,17.92556628529919,70.83193593686609,167.98001513607986,78.72624021854828,10,0.05315560000053665,0.11133300000074087,0.011133300000074087,0.022308800000246265,0.16448860000127752,10,22,True,True,0.16849050000018906,41599d3a2ad85dcbf0373acf94c1d1426055091064071f7b16b65e88a6653bb4
E4,no_reorder,1020,no_reorder,dubins,dubins,dubins,weighted_delay,20,3,1961.3528148717958,16.62163402433725,21.678267006838887,12.975111255576877,75.11268405656786,164.72488505926177,78.05971687783364,10,0.13026369999897724,0.006248999998206273,0.0006248999998206273,0.001142200000685989,0.13651269999718352,0,0,True,True,0.13931789999878674,c1b2e7bffc88ced63df8b78c0569a1865011ba09f9723afd0b11e1c6cdcd1d43
E4,full,1020,full,dubins,dubins,dubins,weighted_delay,20,3,2027.205101115056,17.179704246737764,22.16584554941732,13.276799008633729,76.62117674935433,163.0681218402026,78.05971687783364,10,0.12769920000027923,0.07534379999924568,0.0075343799999245675,0.019098699998721713,0.2030429999995249,20,13,True,True,0.20607550000022457,c1b2e7bffc88ced63df8b78c0569a1865011ba09f9723afd0b11e1c6cdcd1d43
E4,local,1020,local,dubins,dubins,dubins,weighted_delay,20,3,1986.935446869603,16.838435990420365,21.514667017437024,13.35646214609802,72.62077789201183,159.16344114262637,78.05971687783364,10,0.13215459999992163,0.034989200001291465,0.0034989200001291467,0.009180799999739975,0.1671438000012131,11,8,True,True,0.17068029999973078,c1b2e7bffc88ced63df8b78c0569a1865011ba09f9723afd0b11e1c6cdcd1d43
E4,no_reorder,1021,no_reorder,dubins,dubins,dubins,weighted_delay,20,3,2545.8962217666285,18.056001572812967,20.87368324203176,18.15913344648985,77.27372252930783,169.9623604869744,73.44618583211839,10,0.08987490000072285,0.00455829999918933,0.000455829999918933,0.000807399999757763,0.09443319999991218,0,0,True,True,0.097091100000398,b6c9e6d96fcc728cdc53084c1ce42e65f086da7a8fe5437ac9d2bf41effc84ae
E4,full,1021,full,dubins,dubins,dubins,weighted_delay,20,3,2580.283241082029,18.299881142425736,20.301858785696126,18.0922519425453,71.03724046742992,168.71180895950857,73.44618583211839,10,0.09521080000013171,0.03972500000054424,0.003972500000054424,0.01432810000005702,0.13493580000067595,6,5,True,True,0.13753010000073118,b6c9e6d96fcc728cdc53084c1ce42e65f086da7a8fe5437ac9d2bf41effc84ae
E4,local,1021,local,dubins,dubins,dubins,weighted_delay,20,3,2545.8962217666285,18.056001572812967,20.87368324203176,18.15913344648985,77.27372252930783,169.9623604869744,73.44618583211839,10,0.0955297000000428,0.019744700002775062,0.001974470000277506,0.006511999999929685,0.11527440000281786,4,2,True,True,0.11839560000044003,b6c9e6d96fcc728cdc53084c1ce42e65f086da7a8fe5437ac9d2bf41effc84ae
E4,no_reorder,1022,no_reorder,dubins,dubins,dubins,weighted_delay,20,3,2073.1889344854158,19.93450898543669,21.415400433484926,13.678383984776397,76.0576481990675,167.81920249036284,79.60962116856413,10,0.08209510000051523,0.003552900001523085,0.00035529000015230847,0.0006571000012627337,0.08564800000203832,0,0,True,True,0.08800509999855421,1006deff479e3c5be81834c44d75e485cc4a7a04c3724d8b8a5d969fbe8149d7
E4,full,1022,full,dubins,dubins,dubins,weighted_delay,20,3,1910.1765706691951,18.367082410280723,20.506787296055005,12.45828189498076,70.46514813610148,159.13829352549118,79.60962116856413,10,0.0802640000001702,0.022623999997449573,0.0022623999997449574,0.005231600000115577,0.10288799999761977,4,1,True,True,0.10530049999943003,1006deff479e3c5be81834c44d75e485cc4a7a04c3724d8b8a5d969fbe8149d7
E4,local,1022,local,dubins,dubins,dubins,weighted_delay,20,3,1910.1765706691951,18.367082410280723,20.506787296055005,12.45828189498076,70.46514813610148,159.13829352549118,79.60962116856413,10,0.07677519999924698,0.011113799999293406,0.0011113799999293405,0.0021993999998812797,0.08788899999854038,4,1,True,True,0.09031259999937902,1006deff479e3c5be81834c44d75e485cc4a7a04c3724d8b8a5d969fbe8149d7
E4,no_reorder,1023,no_reorder,dubins,dubins,dubins,weighted_delay,20,3,2299.003180721129,20.900028915646626,23.443658692549974,18.003129297199756,75.43020146081459,177.75560073219964,76.22181400262484,10,0.1288886000002094,0.006909599998834892,0.0006909599998834893,0.0010244999994029058,0.1357981999990443,0,0,True,True,0.1387721999999485,40efeef7fc9164e156b3585d85f7516f576f310949983a94ec4dc1070f7f4f6d
E4,full,1023,full,dubins,dubins,dubins,weighted_delay,20,3,2327.577938687788,21.159799442616254,23.292879476834763,18.79468176183036,75.1664265020853,170.2846993049681,76.22181400262484,10,0.12365630000022065,0.10623470000427915,0.010623470000427914,0.0266671999997925,0.2298910000044998,14,14,True,True,0.2330074000001332,40efeef7fc9164e156b3585d85f7516f576f310949983a94ec4dc1070f7f4f6d
E4,local,1023,local,dubins,dubins,dubins,weighted_delay,20,3,2269.344839482181,20.630407631656194,22.731960009595447,16.897634320773225,76.7656994483886,170.11746531376548,76.22181400262484,10,0.12911329999951704,0.02989299999899231,0.002989299999899231,0.009705399999802466,0.15900629999850935,6,3,True,True,0.1621261999989656,40efeef7fc9164e156b3585d85f7516f576f310949983a94ec4dc1070f7f4f6d
E4,no_reorder,1024,no_reorder,dubins,dubins,dubins,weighted_delay,20,3,1880.6541088429988,20.006958604712754,24.761819899078596,14.365079189652528,76.3944175468195,165.00766219609488,80.90978544727989,10,0.07848960000046645,0.00848500000029162,0.0008485000000291621,0.0015015999997558538,0.08697460000075807,0,0,True,True,0.09001759999955539,3afb6d98b1bc2e233007c18c726d82d62285d32320f7e9986799c185149dfbf6
E4,full,1024,full,dubins,dubins,dubins,weighted_delay,20,3,1757.1591603928018,18.693182557370232,22.02428569166553,14.432429318770447,69.53800843055282,142.19578105039966,80.90978544727989,10,0.09729200000037963,0.16211839999596123,0.016211839999596123,0.07387609999932465,0.25941039999634086,13,19,True,True,0.26327020000098855,3afb6d98b1bc2e233007c18c726d82d62285d32320f7e9986799c185149dfbf6
E4,local,1024,local,dubins,dubins,dubins,weighted_delay,20,3,1798.7048797404655,19.135158295111335,23.518000966681125,13.583742347478456,76.08902257504997,152.29714112784046,80.90978544727989,10,0.07817400000021735,0.04760999999780324,0.004760999999780325,0.013102700000672485,0.1257839999980206,8,13,True,True,0.12922339999931864,3afb6d98b1bc2e233007c18c726d82d62285d32320f7e9986799c185149dfbf6
E4,no_reorder,1025,no_reorder,dubins,dubins,dubins,weighted_delay,20,3,2141.9163124695488,18.306977029654263,22.370082328777805,16.756051143365514,80.57583933724155,151.02203534001086,76.94788546796208,10,0.09347229999912088,0.007332099998166086,0.0007332099998166086,0.0017642999991949182,0.10080439999728696,0,0,True,True,0.10415099999954691,ae06e3fb6abd3b28fbf2fc6ceb91a8ad345125ab121f877b016070f42369f017
E4,full,1025,full,dubins,dubins,dubins,weighted_delay,20,3,2191.531398060502,18.7310375902607,22.627900226825197,16.64911644970864,77.55148133066716,169.33110384465044,76.94788546796208,10,0.08019640000020445,0.11202400000183843,0.011202400000183844,0.029798999999911757,0.19222040000204288,11,15,True,True,0.1957762999991246,ae06e3fb6abd3b28fbf2fc6ceb91a8ad345125ab121f877b016070f42369f017
E4,local,1025,local,dubins,dubins,dubins,weighted_delay,20,3,2221.4533762140527,18.9867809932825,22.072001869805952,18.094073059891826,75.29683572827153,176.99647158347724,76.94788546796208,10,0.08432900000116206,0.03797889999805193,0.003797889999805193,0.010771199998998782,0.12230789999921399,5,9,True,True,0.12551639999946929,ae06e3fb6abd3b28fbf2fc6ceb91a8ad345125ab121f877b016070f42369f017
E4,no_reorder,1026,no_reorder,dubins,dubins,dubins,weighted_delay,20,3,2018.444536025308,17.25166270107101,21.216583925902775,13.349178617219666,72.09637440850193,168.75852863397768,77.87241057760765,10,0.13104569999995874,0.006773999995857594,0.0006773999995857594,0.001413699999829987,0.13781969999581634,0,0,True,True,0.1407932999991317,3a7d0c62bfec7ca9a228a6d63c8a04c68b2938486617dc1bce5125a8093c59bc
E4,full,1026,full,dubins,dubins,dubins,weighted_delay,20,3,1876.0315073009422,16.03445732735848,21.402940042145257,11.61949106746827,75.93343147636253,147.75527499500126,77.87241057760765,10,0.12423790000138979,0.13197609999951965,0.013197609999951964,0.04402079999999842,0.25621400000090944,8,8,True,True,0.25933770000119694,3a7d0c62bfec7ca9a228a6d63c8a04c68b2938486617dc1bce5125a8093c59bc
E4,local,1026,local,dubins,dubins,dubins,weighted_delay,20,3,1917.254442522784,16.386790107032343,21.997984075926293,11.68692759595754,76.74588994820084,161.84419414725784,77.87241057760765,10,0.12395420000029844,0.04064000000289525,0.004064000000289525,0.010110499999427702,0.1645942000031937,11,7,True,True,0.16833880000012869,3a7d0c62bfec7ca9a228a6d63c8a04c68b2938486617dc1bce5125a8093c59bc
E4,no_reorder,1027,no_reorder,dubins,dubins,dubins,weighted_delay,20,3,2695.6053527029,19.967447057058518,23.19663538079946,19.259240885789605,75.615497241785,164.5711236836481,87.49322741588529,10,0.06854279999970458,0.007592700001623598,0.0007592700001623597,0.001515300000392017,0.07613550000132818,0,0,True,True,0.07904029999917839,714a3dea6d7ee1226f7a7ac5b2ed113ccaf09170837a426adc6c86885b112e02
E4,full,1027,full,dubins,dubins,dubins,weighted_delay,20,3,2693.280440788776,19.950225487324268,23.196141808420542,19.258418265158074,75.615497241785,164.56125223606972,87.49322741588529,10,0.07680079999954614,0.1357706999988295,0.013577069999882951,0.03035470000031637,0.21257149999837566,5,6,True,True,0.21558659999936935,714a3dea6d7ee1226f7a7ac5b2ed113ccaf09170837a426adc6c86885b112e02
E4,local,1027,local,dubins,dubins,dubins,weighted_delay,20,3,2693.280440788776,19.950225487324268,23.196141808420542,19.258418265158074,75.615497241785,164.56125223606972,87.49322741588529,10,0.0809304999984306,0.03644309999799589,0.0036443099997995887,0.008718500001123175,0.11737359999642649,1,0,True,True,0.12047259999962989,714a3dea6d7ee1226f7a7ac5b2ed113ccaf09170837a426adc6c86885b112e02
E4,no_reorder,1028,no_reorder,dubins,dubins,dubins,weighted_delay,20,3,2314.262484137463,21.23176590951801,24.724343484557167,17.33860093437228,78.86289279826894,184.96336488308543,74.21904947241396,10,0.0847987999986799,0.006466200000431854,0.0006466200000431854,0.0017499999994470272,0.09126499999911175,0,0,True,True,0.09417690000009316,71d5519adbb72d19ab08a4b00e74ebeae69e187bd8613b80ac37460bd18301d9
E4,full,1028,full,dubins,dubins,dubins,weighted_delay,20,3,2172.6352691301067,19.9324336617441,23.076366977102584,16.653446202489192,76.10832514760476,169.5708192812722,74.21904947241396,10,0.07617299999947136,0.12418279999656079,0.01241827999965608,0.04683450000084122,0.20035579999603215,10,19,True,True,0.20371019999947748,71d5519adbb72d19ab08a4b00e74ebeae69e187bd8613b80ac37460bd18301d9
E4,local,1028,local,dubins,dubins,dubins,weighted_delay,20,3,2233.448591255937,20.490354048219608,23.610417332530456,17.082758634904014,79.63645283811695,182.65308520166462,74.21904947241396,10,0.09053029999995488,0.06403229999705218,0.006403229999705218,0.02288070000031439,0.15456259999700706,9,15,True,True,0.1575974999996106,71d5519adbb72d19ab08a4b00e74ebeae69e187bd8613b80ac37460bd18301d9
E4,no_reorder,1029,no_reorder,dubins,dubins,dubins,weighted_delay,20,3,1674.797020579183,17.265948665764775,20.1875469314851,15.068446172982908,82.74537662892197,192.51773735313196,68.8142425626547,10,0.08186380000006466,0.0050351999980193796,0.000503519999801938,0.0012561999992612982,0.08689899999808404,0,0,True,True,0.08974149999994552,ae386fd35e1e2f52ab263eea23817fe86033e2136dcb34a28396cddeefd8ccd4
E4,full,1029,full,dubins,dubins,dubins,weighted_delay,20,3,1684.6538841492581,17.367565815971734,19.900785043706094,15.812220331570638,80.96050188187925,191.71532033092575,68.8142425626547,10,0.08117550000133633,0.04438819999995758,0.004438819999995758,0.020980499999495805,0.1255637000012939,7,4,True,True,0.12814700000126322,ae386fd35e1e2f52ab263eea23817fe86033e2136dcb34a28396cddeefd8ccd4
E4,local,1029,local,dubins,dubins,dubins,weighted_delay,20,3,1698.0787381116681,17.50596637228524,19.756068896967427,15.812220331570638,81.95348055153353,192.95720182798132,68.8142425626547,10,0.09016849999898113,0.016269900001134374,0.0016269900001134375,0.005969599998934427,0.10643840000011551,5,4,True,True,0.10893009999927017,ae386fd35e1e2f52ab263eea23817fe86033e2136dcb34a28396cddeefd8ccd4
