seed,comparison,metric,variant_A,variant_B,value_A,value_B,absolute_difference,relative_difference_percent,outcome_A_lower_is_better,scenario_fingerprint
1000,time_aware_vs_distance_oriented,weighted_delay,time_aware,distance_oriented,1923.026466558786,8666.171110726618,-6743.144644167833,-77.80996426231943,win,003efd5ffe91eda82ee5212d1e1fc1115a654b2079ec04a608d4766b8a3bd068
1000,time_aware_vs_distance_oriented,weighted_mean_delay,time_aware,distance_oriented,17.972209967839124,80.9922533712768,-63.02004340343768,-77.80996426231943,win,003efd5ffe91eda82ee5212d1e1fc1115a654b2079ec04a608d4766b8a3bd068
1000,time_aware_vs_distance_oriented,high_priority_mean_delay,time_aware,distance_oriented,15.728047807502689,78.09935447252863,-62.37130666502594,-79.86148808306089,win,003efd5ffe91eda82ee5212d1e1fc1115a654b2079ec04a608d4766b8a3bd068
1000,time_aware_vs_distance_oriented,mean_delay,time_aware,distance_oriented,24.32290562830029,75.52330940326617,-51.20040377496588,-67.79417398352462,win,003efd5ffe91eda82ee5212d1e1fc1115a654b2079ec04a608d4766b8a3bd068
1000,time_aware_vs_distance_oriented,total_travel_time,time_aware,distance_oriented,169.66974853467696,97.41206503661716,72.25768349805979,74.17734494274211,loss,003efd5ffe91eda82ee5212d1e1fc1115a654b2079ec04a608d4766b8a3bd068
1001,time_aware_vs_distance_oriented,weighted_delay,time_aware,distance_oriented,2297.4610601729114,8858.1880988022,-6560.727038629289,-74.06398425335342,win,326a5400532f40cb7bdcebae3f9c8dfd872dced5e3505899268f16c5315dbfbc
1001,time_aware_vs_distance_oriented,weighted_mean_delay,time_aware,distance_oriented,18.831648034204196,72.60809917050985,-53.77645113630565,-74.06398425335342,win,326a5400532f40cb7bdcebae3f9c8dfd872dced5e3505899268f16c5315dbfbc
1001,time_aware_vs_distance_oriented,high_priority_mean_delay,time_aware,distance_oriented,16.216431281931193,65.81935008065568,-49.60291879872449,-75.36221299350507,win,326a5400532f40cb7bdcebae3f9c8dfd872dced5e3505899268f16c5315dbfbc
1001,time_aware_vs_distance_oriented,mean_delay,time_aware,distance_oriented,23.9779472796946,74.96719049256076,-50.98924321286616,-68.01541164587992,win,326a5400532f40cb7bdcebae3f9c8dfd872dced5e3505899268f16c5315dbfbc
1001,time_aware_vs_distance_oriented,total_travel_time,time_aware,distance_oriented,159.02737123818744,98.26108381082756,60.766287427359885,61.841662101292584,loss,326a5400532f40cb7bdcebae3f9c8dfd872dced5e3505899268f16c5315dbfbc
1002,time_aware_vs_distance_oriented,weighted_delay,time_aware,distance_oriented,2014.83143742597,7824.321341607799,-5809.489904181829,-74.24912207130865,win,bac977afff5983f5f02211e95bb5bd4acf7a0d9a328b4221afb60dccebcb1493
1002,time_aware_vs_distance_oriented,weighted_mean_delay,time_aware,distance_oriented,19.56147026627156,75.96428486997863,-56.40281460370707,-74.24912207130863,win,bac977afff5983f5f02211e95bb5bd4acf7a0d9a328b4221afb60dccebcb1493
1002,time_aware_vs_distance_oriented,high_priority_mean_delay,time_aware,distance_oriented,14.695671819429242,87.44532557135115,-72.74965375192191,-83.19444553106698,win,bac977afff5983f5f02211e95bb5bd4acf7a0d9a328b4221afb60dccebcb1493
1002,time_aware_vs_distance_oriented,mean_delay,time_aware,distance_oriented,21.04081053942801,73.71512778515913,-52.67431724573112,-71.45659083607518,win,bac977afff5983f5f02211e95bb5bd4acf7a0d9a328b4221afb60dccebcb1493
1002,time_aware_vs_distance_oriented,total_travel_time,time_aware,distance_oriented,146.87636729836092,95.38022818699751,51.496139111363405,53.99037105510248,loss,bac977afff5983f5f02211e95bb5bd4acf7a0d9a328b4221afb60dccebcb1493
1003,time_aware_vs_distance_oriented,weighted_delay,time_aware,distance_oriented,2314.4697200244145,9233.483705635746,-6919.013985611332,-74.93394915927826,win,928e6ecadcc3e29bce8ab1bcdc3ba9bb293cdedc1b5e429a3696296f9a79850a
1003,time_aware_vs_distance_oriented,weighted_mean_delay,time_aware,distance_oriented,18.665078387293665,74.46357827125603,-55.798499883962364,-74.93394915927826,win,928e6ecadcc3e29bce8ab1bcdc3ba9bb293cdedc1b5e429a3696296f9a79850a
1003,time_aware_vs_distance_oriented,high_priority_mean_delay,time_aware,distance_oriented,18.29499387723741,83.69737728610289,-65.40238340886549,-78.14149681811463,win,928e6ecadcc3e29bce8ab1bcdc3ba9bb293cdedc1b5e429a3696296f9a79850a
1003,time_aware_vs_distance_oriented,mean_delay,time_aware,distance_oriented,20.383830820941547,72.15381527759268,-51.76998445665114,-71.74947611221921,win,928e6ecadcc3e29bce8ab1bcdc3ba9bb293cdedc1b5e429a3696296f9a79850a
1003,time_aware_vs_distance_oriented,total_travel_time,time_aware,distance_oriented,170.92336510823435,102.01388348578652,68.90948162244783,67.5491210292459,loss,928e6ecadcc3e29bce8ab1bcdc3ba9bb293cdedc1b5e429a3696296f9a79850a
1004,time_aware_vs_distance_oriented,weighted_delay,time_aware,distance_oriented,1986.8109505189816,7317.647503399618,-5330.836552880636,-72.84904814565127,win,36f049506a9f245c3a7992826d6a406fc84dc5560363ffe26fa19d3cb1196cf1
1004,time_aware_vs_distance_oriented,weighted_mean_delay,time_aware,distance_oriented,19.868109505189818,73.17647503399617,-53.30836552880635,-72.84904814565127,win,36f049506a9f245c3a7992826d6a406fc84dc5560363ffe26fa19d3cb1196cf1
1004,time_aware_vs_distance_oriented,high_priority_mean_delay,time_aware,distance_oriented,18.696398406493,77.3557734108752,-58.6593750043822,-75.83063605713424,win,36f049506a9f245c3a7992826d6a406fc84dc5560363ffe26fa19d3cb1196cf1
1004,time_aware_vs_distance_oriented,mean_delay,time_aware,distance_oriented,22.60893724712944,78.12919408211658,-55.520256834987144,-71.06211383242142,win,36f049506a9f245c3a7992826d6a406fc84dc5560363ffe26fa19d3cb1196cf1
1004,time_aware_vs_distance_oriented,total_travel_time,time_aware,distance_oriented,199.0557481938905,109.9847333407311,89.07101485315941,80.98488958210109,loss,36f049506a9f245c3a7992826d6a406fc84dc5560363ffe26fa19d3cb1196cf1
1005,time_aware_vs_distance_oriented,weighted_delay,time_aware,distance_oriented,1671.482074595029,5996.039468570632,-4324.557393975603,-72.12356450693133,win,ac3e0c423ba30b6ed83812071978ee0eab613ff0a3b2a3dd494f8ec12ad0e6d9
1005,time_aware_vs_distance_oriented,weighted_mean_delay,time_aware,distance_oriented,18.367934885659658,65.89054361066628,-47.52260872500663,-72.12356450693134,win,ac3e0c423ba30b6ed83812071978ee0eab613ff0a3b2a3dd494f8ec12ad0e6d9
1005,time_aware_vs_distance_oriented,high_priority_mean_delay,time_aware,distance_oriented,14.616350035176396,41.89406547604239,-27.277715440865997,-65.11116820702225,win,ac3e0c423ba30b6ed83812071978ee0eab613ff0a3b2a3dd494f8ec12ad0e6d9
1005,time_aware_vs_distance_oriented,mean_delay,time_aware,distance_oriented,22.62438888918954,80.05370120281665,-57.429312313627115,-71.73848485547161,win,ac3e0c423ba30b6ed83812071978ee0eab613ff0a3b2a3dd494f8ec12ad0e6d9
1005,time_aware_vs_distance_oriented,total_travel_time,time_aware,distance_oriented,164.35860490818368,109.50046127779824,54.85814363038544,50.09855026200534,loss,ac3e0c423ba30b6ed83812071978ee0eab613ff0a3b2a3dd494f8ec12ad0e6d9
1006,time_aware_vs_distance_oriented,weighted_delay,time_aware,distance_oriented,1911.2653127513893,7769.660164590049,-5858.39485183866,-75.40091494011651,win,83bdc0825e5e2e93054ab339a9a27ca1db05cfccb837d2524713925798716880
1006,time_aware_vs_distance_oriented,weighted_mean_delay,time_aware,distance_oriented,18.555973910207666,75.43359383097135,-56.87761992076368,-75.40091494011651,win,83bdc0825e5e2e93054ab339a9a27ca1db05cfccb837d2524713925798716880
1006,time_aware_vs_distance_oriented,high_priority_mean_delay,time_aware,distance_oriented,16.72006897695177,88.50376073286044,-71.78369175590868,-81.10806948936376,win,83bdc0825e5e2e93054ab339a9a27ca1db05cfccb837d2524713925798716880
1006,time_aware_vs_distance_oriented,mean_delay,time_aware,distance_oriented,21.11848679402622,72.03805554255726,-50.919568748531034,-70.68426315095326,win,83bdc0825e5e2e93054ab339a9a27ca1db05cfccb837d2524713925798716880
1006,time_aware_vs_distance_oriented,total_travel_time,time_aware,distance_oriented,139.87530336901645,97.30444106722936,42.57086230178709,43.75017402584341,loss,83bdc0825e5e2e93054ab339a9a27ca1db05cfccb837d2524713925798716880
1007,time_aware_vs_distance_oriented,weighted_delay,time_aware,distance_oriented,1951.1481792903376,6406.340316718774,-4455.192137428437,-69.54348219375139,win,ea69d165b54222d53244e69b6ef8594befc6149189a269a0f745eaab4c35bcd9
1007,time_aware_vs_distance_oriented,weighted_mean_delay,time_aware,distance_oriented,19.70856746757917,64.7105082496846,-45.00194078210542,-69.54348219375139,win,ea69d165b54222d53244e69b6ef8594befc6149189a269a0f745eaab4c35bcd9
1007,time_aware_vs_distance_oriented,high_priority_mean_delay,time_aware,distance_oriented,17.054677553807824,55.06926678696773,-38.01458923315991,-69.030498227291,win,ea69d165b54222d53244e69b6ef8594befc6149189a269a0f745eaab4c35bcd9
1007,time_aware_vs_distance_oriented,mean_delay,time_aware,distance_oriented,26.30710474434514,79.02266756331534,-52.7155628189702,-66.70941951780216,win,ea69d165b54222d53244e69b6ef8594befc6149189a269a0f745eaab4c35bcd9
1007,time_aware_vs_distance_oriented,total_travel_time,time_aware,distance_oriented,160.62753541763587,96.37635221653636,64.25118320109951,66.66695898257416,loss,ea69d165b54222d53244e69b6ef8594befc6149189a269a0f745eaab4c35bcd9
1008,time_aware_vs_distance_oriented,weighted_delay,time_aware,distance_oriented,1809.24686020484,7550.974618999651,-5741.727758794811,-76.03955844782686,win,130410a7df0436f226a401880941e077afad804faf45245d2c0e49964e8989a7
1008,time_aware_vs_distance_oriented,weighted_mean_delay,time_aware,distance_oriented,19.247307023455743,80.32951722340054,-61.0822101999448,-76.03955844782686,win,130410a7df0436f226a401880941e077afad804faf45245d2c0e49964e8989a7
1008,time_aware_vs_distance_oriented,high_priority_mean_delay,time_aware,distance_oriented,13.498625965504738,84.33559900145676,-70.83697303595201,-83.99415415870637,win,130410a7df0436f226a401880941e077afad804faf45245d2c0e49964e8989a7
1008,time_aware_vs_distance_oriented,mean_delay,time_aware,distance_oriented,26.96903352147059,87.53631072525384,-60.56727720378325,-69.19103250065331,win,130410a7df0436f226a401880941e077afad804faf45245d2c0e49964e8989a7
1008,time_aware_vs_distance_oriented,total_travel_time,time_aware,distance_oriented,163.49986420522217,114.55333209488438,48.946532110337785,42.72816094934317,loss,130410a7df0436f226a401880941e077afad804faf45245d2c0e49964e8989a7
1009,time_aware_vs_distance_oriented,weighted_delay,time_aware,distance_oriented,1801.8896278463012,7010.041217165769,-5208.151589319468,-74.29559153755129,win,59d5fc10227424859a17932f916a88e8931935be60d343322b2bef07f5be18c9
1009,time_aware_vs_distance_oriented,weighted_mean_delay,time_aware,distance_oriented,17.160853598536203,66.76229730634066,-49.60144370780445,-74.29559153755127,win,59d5fc10227424859a17932f916a88e8931935be60d343322b2bef07f5be18c9
1009,time_aware_vs_distance_oriented,high_priority_mean_delay,time_aware,distance_oriented,15.57445543248398,71.85353645716577,-56.279081024681794,-78.32471970009657,win,59d5fc10227424859a17932f916a88e8931935be60d343322b2bef07f5be18c9
1009,time_aware_vs_distance_oriented,mean_delay,time_aware,distance_oriented,20.383994594323056,61.07610154959601,-40.692106955272955,-66.6252526321273,win,59d5fc10227424859a17932f916a88e8931935be60d343322b2bef07f5be18c9
1009,time_aware_vs_distance_oriented,total_travel_time,time_aware,distance_oriented,169.0054095953113,85.40703017838045,83.59837941693085,97.88231629448762,loss,59d5fc10227424859a17932f916a88e8931935be60d343322b2bef07f5be18c9
1010,time_aware_vs_distance_oriented,weighted_delay,time_aware,distance_oriented,3175.9296020961465,10717.917004415607,-7541.987402319461,-70.36803325881591,win,1869ca5c28bbda9783a20b243d73b3d93d0c9dc2e12806f72db45732b060479d
1010,time_aware_vs_distance_oriented,weighted_mean_delay,time_aware,distance_oriented,22.685211443543903,76.55655003154006,-53.87133858799615,-70.36803325881591,win,1869ca5c28bbda9783a20b243d73b3d93d0c9dc2e12806f72db45732b060479d
1010,time_aware_vs_distance_oriented,high_priority_mean_delay,time_aware,distance_oriented,20.237213164362664,71.27043312771923,-51.033219963356565,-71.60503693292164,win,1869ca5c28bbda9783a20b243d73b3d93d0c9dc2e12806f72db45732b060479d
1010,time_aware_vs_distance_oriented,mean_delay,time_aware,distance_oriented,25.121545531844056,81.38043211849818,-56.25888658665412,-69.13072973701524,win,1869ca5c28bbda9783a20b243d73b3d93d0c9dc2e12806f72db45732b060479d
1010,time_aware_vs_distance_oriented,total_travel_time,time_aware,distance_oriented,187.4517518973709,107.76239359815328,79.68935829921763,73.9491353508533,loss,1869ca5c28bbda9783a20b243d73b3d93d0c9dc2e12806f72db45732b060479d
1011,time_aware_vs_distance_oriented,weighted_delay,time_aware,distance_oriented,1646.6577110958906,7604.365313154841,-5957.70760205895,-78.34588892977922,win,84e1ef84e26c149f9976481e51b4d6bcd4ca3f787ac6e8c54689347ecc9d2b53
1011,time_aware_vs_distance_oriented,weighted_mean_delay,time_aware,distance_oriented,17.517635224424367,80.89750333143448,-63.37986810701011,-78.34588892977922,win,84e1ef84e26c149f9976481e51b4d6bcd4ca3f787ac6e8c54689347ecc9d2b53
1011,time_aware_vs_distance_oriented,high_priority_mean_delay,time_aware,distance_oriented,13.835358399838457,71.48826296606167,-57.652904566223214,-80.64667145933221,win,84e1ef84e26c149f9976481e51b4d6bcd4ca3f787ac6e8c54689347ecc9d2b53
1011,time_aware_vs_distance_oriented,mean_delay,time_aware,distance_oriented,23.435682997639372,80.31200941593268,-56.8763264182933,-70.81920478882938,win,84e1ef84e26c149f9976481e51b4d6bcd4ca3f787ac6e8c54689347ecc9d2b53
1011,time_aware_vs_distance_oriented,total_travel_time,time_aware,distance_oriented,164.59555890584008,95.52350709706964,69.07205180877044,72.30895714348134,loss,84e1ef84e26c149f9976481e51b4d6bcd4ca3f787ac6e8c54689347ecc9d2b53
1012,time_aware_vs_distance_oriented,weighted_delay,time_aware,distance_oriented,1714.782138140936,7404.10449295787,-5689.322354816934,-76.84011429374227,win,5aa74fa4f62493624adc083d7764a9479d1906f1685d15b69cc5c48ea98be7dc
1012,time_aware_vs_distance_oriented,weighted_mean_delay,time_aware,distance_oriented,18.24236317171209,78.7670690740199,-60.524705902307815,-76.84011429374226,win,5aa74fa4f62493624adc083d7764a9479d1906f1685d15b69cc5c48ea98be7dc
1012,time_aware_vs_distance_oriented,high_priority_mean_delay,time_aware,distance_oriented,14.956002999806543,93.21235286305728,-78.25634986325073,-83.95491311996048,win,5aa74fa4f62493624adc083d7764a9479d1906f1685d15b69cc5c48ea98be7dc
1012,time_aware_vs_distance_oriented,mean_delay,time_aware,distance_oriented,21.73830817710193,71.03869375561862,-49.300385578516696,-69.39934136192842,win,5aa74fa4f62493624adc083d7764a9479d1906f1685d15b69cc5c48ea98be7dc
1012,time_aware_vs_distance_oriented,total_travel_time,time_aware,distance_oriented,172.91973869995098,98.7077718646948,74.21196683525618,75.1835092954822,loss,5aa74fa4f62493624adc083d7764a9479d1906f1685d15b69cc5c48ea98be7dc
1013,time_aware_vs_distance_oriented,weighted_delay,time_aware,distance_oriented,2117.4654219153867,8837.152392757287,-6719.6869708419,-76.03905276488373,win,ccf8aa59af2d36542617beb6743dc515a8699a45c84e583f1ce89d37960154f2
1013,time_aware_vs_distance_oriented,weighted_mean_delay,time_aware,distance_oriented,19.42628827445309,81.07479259410356,-61.64850431965047,-76.03905276488375,win,ccf8aa59af2d36542617beb6743dc515a8699a45c84e583f1ce89d37960154f2
1013,time_aware_vs_distance_oriented,high_priority_mean_delay,time_aware,distance_oriented,16.391186719462816,81.29069876043788,-64.89951204097505,-79.83633186895423,win,ccf8aa59af2d36542617beb6743dc515a8699a45c84e583f1ce89d37960154f2
1013,time_aware_vs_distance_oriented,mean_delay,time_aware,distance_oriented,23.65501550630001,81.7337814219251,-58.07876591562509,-71.05845943406388,win,ccf8aa59af2d36542617beb6743dc515a8699a45c84e583f1ce89d37960154f2
1013,time_aware_vs_distance_oriented,total_travel_time,time_aware,distance_oriented,164.53347187319696,106.13269805428378,58.40077381891318,55.02618409742386,loss,ccf8aa59af2d36542617beb6743dc515a8699a45c84e583f1ce89d37960154f2
1014,time_aware_vs_distance_oriented,weighted_delay,time_aware,distance_oriented,2377.0510560818598,8910.86518012518,-6533.81412404332,-73.32412725328129,win,3aaedda4226c8e220424c1bc8f1d03665ebe9998cf567a34dad06e65f472bc41
1014,time_aware_vs_distance_oriented,weighted_mean_delay,time_aware,distance_oriented,19.80875880068216,74.2572098343765,-54.44845103369434,-73.3241272532813,win,3aaedda4226c8e220424c1bc8f1d03665ebe9998cf567a34dad06e65f472bc41
1014,time_aware_vs_distance_oriented,high_priority_mean_delay,time_aware,distance_oriented,16.762587687082537,65.79658892517827,-49.03400123809573,-74.523622028272,win,3aaedda4226c8e220424c1bc8f1d03665ebe9998cf567a34dad06e65f472bc41
1014,time_aware_vs_distance_oriented,mean_delay,time_aware,distance_oriented,22.91649263143353,73.9763622345371,-51.05986960310358,-69.02187139348874,win,3aaedda4226c8e220424c1bc8f1d03665ebe9998cf567a34dad06e65f472bc41
1014,time_aware_vs_distance_oriented,total_travel_time,time_aware,distance_oriented,169.71244842487943,98.66310826427993,71.0493401605995,72.01206348606621,loss,3aaedda4226c8e220424c1bc8f1d03665ebe9998cf567a34dad06e65f472bc41
1015,time_aware_vs_distance_oriented,weighted_delay,time_aware,distance_oriented,2268.7588584061086,9802.553585632146,-7533.794727226037,-76.85543018370757,win,082327ff86e78dc801d3de3348edd45a8681c49616b965751f7f852f4b1a5869
1015,time_aware_vs_distance_oriented,weighted_mean_delay,time_aware,distance_oriented,18.906323820050904,81.68794654693455,-62.781622726883654,-76.85543018370758,win,082327ff86e78dc801d3de3348edd45a8681c49616b965751f7f852f4b1a5869
1015,time_aware_vs_distance_oriented,high_priority_mean_delay,time_aware,distance_oriented,16.74597031080381,78.82523520391364,-62.07926489310982,-78.75557203542301,win,082327ff86e78dc801d3de3348edd45a8681c49616b965751f7f852f4b1a5869
1015,time_aware_vs_distance_oriented,mean_delay,time_aware,distance_oriented,23.878021282643303,81.87491463973159,-57.99689335708828,-70.8359741347981,win,082327ff86e78dc801d3de3348edd45a8681c49616b965751f7f852f4b1a5869
1015,time_aware_vs_distance_oriented,total_travel_time,time_aware,distance_oriented,173.79392508246676,116.25663465656406,57.5372904259027,49.49161877588725,loss,082327ff86e78dc801d3de3348edd45a8681c49616b965751f7f852f4b1a5869
1016,time_aware_vs_distance_oriented,weighted_delay,time_aware,distance_oriented,2946.340067420632,10887.9237574267,-7941.583690006069,-72.93937638559491,win,8949ff6dab91c6d68f83a81a44011aca1c33902b4a6ee29250d25aff197c6caf
1016,time_aware_vs_distance_oriented,weighted_mean_delay,time_aware,distance_oriented,22.49114555282925,83.11392181241754,-60.62277625958829,-72.9393763855949,win,8949ff6dab91c6d68f83a81a44011aca1c33902b4a6ee29250d25aff197c6caf
1016,time_aware_vs_distance_oriented,high_priority_mean_delay,time_aware,distance_oriented,19.401320843305545,87.82273560623166,-68.42141476292612,-77.90854417209833,win,8949ff6dab91c6d68f83a81a44011aca1c33902b4a6ee29250d25aff197c6caf
1016,time_aware_vs_distance_oriented,mean_delay,time_aware,distance_oriented,28.28655621720281,85.76366290973966,-57.47710669253685,-67.01801758750385,win,8949ff6dab91c6d68f83a81a44011aca1c33902b4a6ee29250d25aff197c6caf
1016,time_aware_vs_distance_oriented,total_travel_time,time_aware,distance_oriented,157.99283094345296,98.95318243720426,59.039648506248696,59.66422408265169,loss,8949ff6dab91c6d68f83a81a44011aca1c33902b4a6ee29250d25aff197c6caf
1017,time_aware_vs_distance_oriented,weighted_delay,time_aware,distance_oriented,2828.040274386991,10879.99552771745,-8051.9552533304595,-74.0069720876044,win,72341d894d303a21a7b7385423f3ed5c4250929c5dc473e72e4685146eeb4826
1017,time_aware_vs_distance_oriented,weighted_mean_delay,time_aware,distance_oriented,24.171284396470007,92.99141476681582,-68.82013037034582,-74.00697208760441,win,72341d894d303a21a7b7385423f3ed5c4250929c5dc473e72e4685146eeb4826
1017,time_aware_vs_distance_oriented,high_priority_mean_delay,time_aware,distance_oriented,15.888105184939072,93.41679125888103,-77.52868607394197,-82.99223836439725,win,72341d894d303a21a7b7385423f3ed5c4250929c5dc473e72e4685146eeb4826
1017,time_aware_vs_distance_oriented,mean_delay,time_aware,distance_oriented,30.842056944409524,84.82847209583566,-53.986415151426144,-63.64185728871144,win,72341d894d303a21a7b7385423f3ed5c4250929c5dc473e72e4685146eeb4826
1017,time_aware_vs_distance_oriented,total_travel_time,time_aware,distance_oriented,163.41807513102873,107.88522737405331,55.532847756975414,51.47400539318993,loss,72341d894d303a21a7b7385423f3ed5c4250929c5dc473e72e4685146eeb4826
1018,time_aware_vs_distance_oriented,weighted_delay,time_aware,distance_oriented,1708.6184552770048,6071.140970279618,-4362.5225150026135,-71.85671583576637,win,b1446478e076bfc668b0fcf01ad993642d88d77d4c5d19fa6b07fcb513e6b2b7
1018,time_aware_vs_distance_oriented,weighted_mean_delay,time_aware,distance_oriented,17.258772275525303,61.32465626545069,-44.06588398992539,-71.85671583576635,win,b1446478e076bfc668b0fcf01ad993642d88d77d4c5d19fa6b07fcb513e6b2b7
1018,time_aware_vs_distance_oriented,high_priority_mean_delay,time_aware,distance_oriented,18.337884390154997,63.00774438200048,-44.669859991845485,-70.89582467993631,win,b1446478e076bfc668b0fcf01ad993642d88d77d4c5d19fa6b07fcb513e6b2b7
1018,time_aware_vs_distance_oriented,mean_delay,time_aware,distance_oriented,19.06606537316047,63.92357801652382,-44.85751264336335,-70.17365741286882,win,b1446478e076bfc668b0fcf01ad993642d88d77d4c5d19fa6b07fcb513e6b2b7
1018,time_aware_vs_distance_oriented,total_travel_time,time_aware,distance_oriented,189.61644409799555,104.68110807789496,84.93533602010059,81.13721528138467,loss,b1446478e076bfc668b0fcf01ad993642d88d77d4c5d19fa6b07fcb513e6b2b7
1019,time_aware_vs_distance_oriented,weighted_delay,time_aware,distance_oriented,2410.8747291950817,9142.39554817356,-6731.520818978477,-73.629726295569,win,41599d3a2ad85dcbf0373acf94c1d1426055091064071f7b16b65e88a6653bb4
1019,time_aware_vs_distance_oriented,weighted_mean_delay,time_aware,distance_oriented,21.719592154910647,82.36392385741946,-60.64433170250882,-73.62972629556901,win,41599d3a2ad85dcbf0373acf94c1d1426055091064071f7b16b65e88a6653bb4
1019,time_aware_vs_distance_oriented,high_priority_mean_delay,time_aware,distance_oriented,17.92556628529919,69.27460241560117,-51.349036130301975,-74.12389871578358,win,41599d3a2ad85dcbf0373acf94c1d1426055091064071f7b16b65e88a6653bb4
1019,time_aware_vs_distance_oriented,mean_delay,time_aware,distance_oriented,26.43754720059693,83.43545138602727,-56.997904185430336,-68.31377218985793,win,41599d3a2ad85dcbf0373acf94c1d1426055091064071f7b16b65e88a6653bb4
1019,time_aware_vs_distance_oriented,total_travel_time,time_aware,distance_oriented,167.98001513607986,103.33427677533712,64.64573836074274,62.55982078559609,loss,41599d3a2ad85dcbf0373acf94c1d1426055091064071f7b16b65e88a6653bb4
1020,time_aware_vs_distance_oriented,weighted_delay,time_aware,distance_oriented,1986.935446869603,8757.323283441021,-6770.387836571418,-77.31115567439832,win,c1b2e7bffc88ced63df8b78c0569a1865011ba09f9723afd0b11e1c6cdcd1d43
1020,time_aware_vs_distance_oriented,weighted_mean_delay,time_aware,distance_oriented,16.838435990420365,74.2146040969578,-57.376168106537435,-77.31115567439831,win,c1b2e7bffc88ced63df8b78c0569a1865011ba09f9723afd0b11e1c6cdcd1d43
1020,time_aware_vs_distance_oriented,high_priority_mean_delay,time_aware,distance_oriented,13.35646214609802,76.30444444380073,-62.947982297702715,-82.49582675890494,win,c1b2e7bffc88ced63df8b78c0569a1865011ba09f9723afd0b11e1c6cdcd1d43
1020,time_aware_vs_distance_oriented,mean_delay,time_aware,distance_oriented,21.514667017437024,71.17488815240151,-49.66022113496449,-69.7721098326572,win,c1b2e7bffc88ced63df8b78c0569a1865011ba09f9723afd0b11e1c6cdcd1d43
1020,time_aware_vs_distance_oriented,total_travel_time,time_aware,distance_oriented,159.16344114262637,93.2925502045528,65.87089093807357,70.60680707478289,loss,c1b2e7bffc88ced63df8b78c0569a1865011ba09f9723afd0b11e1c6cdcd1d43
1021,time_aware_vs_distance_oriented,weighted_delay,time_aware,distance_oriented,2545.8962217666285,9471.844196033882,-6925.947974267254,-73.1214305358542,win,b6c9e6d96fcc728cdc53084c1ce42e65f086da7a8fe5437ac9d2bf41effc84ae
1021,time_aware_vs_distance_oriented,weighted_mean_delay,time_aware,distance_oriented,18.056001572812967,67.17619997187151,-49.120198399058545,-73.12143053585422,win,b6c9e6d96fcc728cdc53084c1ce42e65f086da7a8fe5437ac9d2bf41effc84ae
1021,time_aware_vs_distance_oriented,high_priority_mean_delay,time_aware,distance_oriented,18.15913344648985,63.44132300035915,-45.2821895538693,-71.37648997895734,win,b6c9e6d96fcc728cdc53084c1ce42e65f086da7a8fe5437ac9d2bf41effc84ae
1021,time_aware_vs_distance_oriented,mean_delay,time_aware,distance_oriented,20.87368324203176,68.13824235620666,-47.2645591141749,-69.36568581720923,win,b6c9e6d96fcc728cdc53084c1ce42e65f086da7a8fe5437ac9d2bf41effc84ae
1021,time_aware_vs_distance_oriented,total_travel_time,time_aware,distance_oriented,169.9623604869744,95.14131710895768,74.82104337801673,78.64200922542433,loss,b6c9e6d96fcc728cdc53084c1ce42e65f086da7a8fe5437ac9d2bf41effc84ae
1022,time_aware_vs_distance_oriented,weighted_delay,time_aware,distance_oriented,1910.1765706691951,7701.153301989604,-5790.976731320409,-75.19622716540783,win,1006deff479e3c5be81834c44d75e485cc4a7a04c3724d8b8a5d969fbe8149d7
1022,time_aware_vs_distance_oriented,weighted_mean_delay,time_aware,distance_oriented,18.367082410280723,74.04955098066927,-55.682468570388544,-75.19622716540782,win,1006deff479e3c5be81834c44d75e485cc4a7a04c3724d8b8a5d969fbe8149d7
1022,time_aware_vs_distance_oriented,high_priority_mean_delay,time_aware,distance_oriented,12.45828189498076,64.72757178168293,-52.26928988670217,-80.75274330234292,win,1006deff479e3c5be81834c44d75e485cc4a7a04c3724d8b8a5d969fbe8149d7
1022,time_aware_vs_distance_oriented,mean_delay,time_aware,distance_oriented,20.506787296055005,71.77296690844274,-51.26617961238773,-71.4282574911324,win,1006deff479e3c5be81834c44d75e485cc4a7a04c3724d8b8a5d969fbe8149d7
1022,time_aware_vs_distance_oriented,total_travel_time,time_aware,distance_oriented,159.13829352549118,109.40004733218532,49.738246193305855,45.464556374714604,loss,1006deff479e3c5be81834c44d75e485cc4a7a04c3724d8b8a5d969fbe8149d7
1023,time_aware_vs_distance_oriented,weighted_delay,time_aware,distance_oriented,2269.344839482181,8496.28010789876,-6226.935268416579,-73.29013626360515,win,40efeef7fc9164e156b3585d85f7516f576f310949983a94ec4dc1070f7f4f6d
1023,time_aware_vs_distance_oriented,weighted_mean_delay,time_aware,distance_oriented,20.630407631656198,77.2389100718069,-56.6085024401507,-73.29013626360513,win,40efeef7fc9164e156b3585d85f7516f576f310949983a94ec4dc1070f7f4f6d
1023,time_aware_vs_distance_oriented,high_priority_mean_delay,time_aware,distance_oriented,16.897634320773225,71.19102672678632,-54.2933924060131,-76.26437614726053,win,40efeef7fc9164e156b3585d85f7516f576f310949983a94ec4dc1070f7f4f6d
1023,time_aware_vs_distance_oriented,mean_delay,time_aware,distance_oriented,22.731960009595447,77.97592101332437,-55.24396100372892,-70.84746199315677,win,40efeef7fc9164e156b3585d85f7516f576f310949983a94ec4dc1070f7f4f6d
1023,time_aware_vs_distance_oriented,total_travel_time,time_aware,distance_oriented,170.11746531376548,110.5039157248161,59.61354958894938,53.94700196634014,loss,40efeef7fc9164e156b3585d85f7516f576f310949983a94ec4dc1070f7f4f6d
1024,time_aware_vs_distance_oriented,weighted_delay,time_aware,distance_oriented,1798.7048797404657,7485.37402980197,-5686.669150061504,-75.97040745620495,win,3afb6d98b1bc2e233007c18c726d82d62285d32320f7e9986799c185149dfbf6
1024,time_aware_vs_distance_oriented,weighted_mean_delay,time_aware,distance_oriented,19.13515829511133,79.63163861491458,-60.49648031980325,-75.97040745620495,win,3afb6d98b1bc2e233007c18c726d82d62285d32320f7e9986799c185149dfbf6
1024,time_aware_vs_distance_oriented,high_priority_mean_delay,time_aware,distance_oriented,13.583742347478456,95.20677211774444,-81.62302977026599,-85.73237801752262,win,3afb6d98b1bc2e233007c18c726d82d62285d32320f7e9986799c185149dfbf6
1024,time_aware_vs_distance_oriented,mean_delay,time_aware,distance_oriented,23.518000966681125,70.73464791733792,-47.216646950656795,-66.75179468742844,win,3afb6d98b1bc2e233007c18c726d82d62285d32320f7e9986799c185149dfbf6
1024,time_aware_vs_distance_oriented,total_travel_time,time_aware,distance_oriented,152.29714112784046,94.80314518152346,57.493995946317,60.64566300646555,loss,3afb6d98b1bc2e233007c18c726d82d62285d32320f7e9986799c185149dfbf6
1025,time_aware_vs_distance_oriented,weighted_delay,time_aware,distance_oriented,2221.4533762140527,8403.918797622346,-6182.465421408293,-73.56645834271328,win,ae06e3fb6abd3b28fbf2fc6ceb91a8ad345125ab121f877b016070f42369f017
1025,time_aware_vs_distance_oriented,weighted_mean_delay,time_aware,distance_oriented,18.9867809932825,71.82836579164398,-52.841584798361474,-73.56645834271328,win,ae06e3fb6abd3b28fbf2fc6ceb91a8ad345125ab121f877b016070f42369f017
1025,time_aware_vs_distance_oriented,high_priority_mean_delay,time_aware,distance_oriented,18.094073059891823,78.66801927579864,-60.573946215906815,-76.99945514522663,win,ae06e3fb6abd3b28fbf2fc6ceb91a8ad345125ab121f877b016070f42369f017
1025,time_aware_vs_distance_oriented,mean_delay,time_aware,distance_oriented,22.072001869805952,68.4630473686554,-46.391045498849444,-67.76070782979603,win,ae06e3fb6abd3b28fbf2fc6ceb91a8ad345125ab121f877b016070f42369f017
1025,time_aware_vs_distance_oriented,total_travel_time,time_aware,distance_oriented,176.99647158347724,93.63750657476152,83.35896500871573,89.02305076028561,loss,ae06e3fb6abd3b28fbf2fc6ceb91a8ad345125ab121f877b016070f42369f017
1026,time_aware_vs_distance_oriented,weighted_delay,time_aware,distance_oriented,1917.254442522784,7468.433436616021,-5551.178994093237,-74.32855954606325,win,3a7d0c62bfec7ca9a228a6d63c8a04c68b2938486617dc1bce5125a8093c59bc
1026,time_aware_vs_distance_oriented,weighted_mean_delay,time_aware,distance_oriented,16.386790107032343,63.832764415521545,-47.4459743084892,-74.32855954606325,win,3a7d0c62bfec7ca9a228a6d63c8a04c68b2938486617dc1bce5125a8093c59bc
1026,time_aware_vs_distance_oriented,high_priority_mean_delay,time_aware,distance_oriented,11.68692759595754,61.87974191576278,-50.19281431980524,-81.11348361493327,win,3a7d0c62bfec7ca9a228a6d63c8a04c68b2938486617dc1bce5125a8093c59bc
1026,time_aware_vs_distance_oriented,mean_delay,time_aware,distance_oriented,21.997984075926293,71.14734360875464,-49.14935953282834,-69.08108868140587,win,3a7d0c62bfec7ca9a228a6d63c8a04c68b2938486617dc1bce5125a8093c59bc
1026,time_aware_vs_distance_oriented,total_travel_time,time_aware,distance_oriented,161.84419414725784,92.7091497990007,69.13504434825714,74.57197536397032,loss,3a7d0c62bfec7ca9a228a6d63c8a04c68b2938486617dc1bce5125a8093c59bc
1027,time_aware_vs_distance_oriented,weighted_delay,time_aware,distance_oriented,2693.280440788776,10484.830051145576,-7791.5496103568,-74.31259803305531,win,714a3dea6d7ee1226f7a7ac5b2ed113ccaf09170837a426adc6c86885b112e02
1027,time_aware_vs_distance_oriented,weighted_mean_delay,time_aware,distance_oriented,19.950225487324268,77.66540778626353,-57.71518229893926,-74.31259803305531,win,714a3dea6d7ee1226f7a7ac5b2ed113ccaf09170837a426adc6c86885b112e02
1027,time_aware_vs_distance_oriented,high_priority_mean_delay,time_aware,distance_oriented,19.258418265158078,76.57084987459106,-57.312431609432984,-74.84889054163585,win,714a3dea6d7ee1226f7a7ac5b2ed113ccaf09170837a426adc6c86885b112e02
1027,time_aware_vs_distance_oriented,mean_delay,time_aware,distance_oriented,23.196141808420546,79.11273984407902,-55.91659803565847,-70.67963787610296,win,714a3dea6d7ee1226f7a7ac5b2ed113ccaf09170837a426adc6c86885b112e02
1027,time_aware_vs_distance_oriented,total_travel_time,time_aware,distance_oriented,164.56125223606972,96.8291233721371,67.73212886393262,69.9501622085559,loss,714a3dea6d7ee1226f7a7ac5b2ed113ccaf09170837a426adc6c86885b112e02
1028,time_aware_vs_distance_oriented,weighted_delay,time_aware,distance_oriented,2233.448591255937,8259.439265095225,-6025.990673839287,-72.95883510283082,win,71d5519adbb72d19ab08a4b00e74ebeae69e187bd8613b80ac37460bd18301d9
1028,time_aware_vs_distance_oriented,weighted_mean_delay,time_aware,distance_oriented,20.490354048219608,75.77467215683693,-55.28431810861732,-72.95883510283083,win,71d5519adbb72d19ab08a4b00e74ebeae69e187bd8613b80ac37460bd18301d9
1028,time_aware_vs_distance_oriented,high_priority_mean_delay,time_aware,distance_oriented,17.082758634904014,92.659638500648,-75.57687986574399,-81.56397012623296,win,71d5519adbb72d19ab08a4b00e74ebeae69e187bd8613b80ac37460bd18301d9
1028,time_aware_vs_distance_oriented,mean_delay,time_aware,distance_oriented,23.610417332530456,74.89662606277072,-51.28620873024026,-68.47599341425259,win,71d5519adbb72d19ab08a4b00e74ebeae69e187bd8613b80ac37460bd18301d9
1028,time_aware_vs_distance_oriented,total_travel_time,time_aware,distance_oriented,182.65308520166465,107.13554123167457,75.51754396999009,70.48785407886974,loss,71d5519adbb72d19ab08a4b00e74ebeae69e187bd8613b80ac37460bd18301d9
1029,time_aware_vs_distance_oriented,weighted_delay,time_aware,distance_oriented,1698.078738111668,7309.742192902931,-5611.663454791263,-76.76964941717996,win,ae386fd35e1e2f52ab263eea23817fe86033e2136dcb34a28396cddeefd8ccd4
1029,time_aware_vs_distance_oriented,weighted_mean_delay,time_aware,distance_oriented,17.50596637228524,75.35816693714361,-57.852200564858364,-76.76964941717995,win,ae386fd35e1e2f52ab263eea23817fe86033e2136dcb34a28396cddeefd8ccd4
1029,time_aware_vs_distance_oriented,high_priority_mean_delay,time_aware,distance_oriented,15.812220331570638,64.94798345318968,-49.13576312161904,-75.65402420389685,win,ae386fd35e1e2f52ab263eea23817fe86033e2136dcb34a28396cddeefd8ccd4
1029,time_aware_vs_distance_oriented,mean_delay,time_aware,distance_oriented,19.756068896967427,76.88936714644426,-57.13329824947683,-74.30585056144392,win,ae386fd35e1e2f52ab263eea23817fe86033e2136dcb34a28396cddeefd8ccd4
1029,time_aware_vs_distance_oriented,total_travel_time,time_aware,distance_oriented,192.9572018279813,116.3243409567636,76.63286087121769,65.87861168257228,loss,ae386fd35e1e2f52ab263eea23817fe86033e2136dcb34a28396cddeefd8ccd4
