scale,seed,comparison,scenario_fingerprint,local_weighted_delay,no_reorder_weighted_delay,difference_local_minus_no_reorder_weighted_delay,local_weighted_mean_delay,no_reorder_weighted_mean_delay,difference_local_minus_no_reorder_weighted_mean_delay,local_high_priority_mean_delay,no_reorder_high_priority_mean_delay,difference_local_minus_no_reorder_high_priority_mean_delay,local_mean_delay,no_reorder_mean_delay,difference_local_minus_no_reorder_mean_delay,local_makespan,no_reorder_makespan,difference_local_minus_no_reorder_makespan,local_total_replanning_runtime,no_reorder_total_replanning_runtime,difference_local_minus_no_reorder_total_replanning_runtime,local_total_algorithm_runtime,no_reorder_total_algorithm_runtime,difference_local_minus_no_reorder_total_algorithm_runtime,local_assignment_changes,no_reorder_assignment_changes,difference_local_minus_no_reorder_assignment_changes,local_successor_edge_changes,no_reorder_successor_edge_changes,difference_local_minus_no_reorder_successor_edge_changes,local_improvement_weighted_mean_delay_percent,local_improvement_high_priority_mean_delay_percent
small,2000,local_vs_no_reorder,f04e9c0f2ed64012c470bc2c12691ffcf9bb3b75ef72e1720e000f6c492c2e4a,2060.308162898701,2060.308162898701,0.0,16.48246530318961,16.48246530318961,0.0,14.169970825355705,14.169970825355705,0.0,17.94044567918805,17.94044567918805,0.0,126.51576313800396,126.51576313800396,0.0,0.0022235000069485,0.0009847000037552,0.0012388000031933002,0.0607720000043627,0.059688700006518,0.0010832999978446986,0.0,0.0,0.0,0.0,0.0,0.0,0.0,0.0
small,2001,local_vs_no_reorder,d993dae26b7864c5b7b6a2c7c65fb5773af1f9860a0450510b89fe3d9003d719,2125.5761577712465,2185.855589368947,-60.27943159770075,18.483270937141278,19.007439907556066,-0.524168970414788,15.759631624251302,16.515807573781377,-0.7561759495300748,23.021930626769358,23.526758139535968,-0.5048275127666102,111.52183650455363,113.04848440806836,-1.5266479035147285,0.0218892000048072,0.0039069000122253,0.0179822999925819,0.0772518000085256,0.0586171000104513,0.01863469999807431,6.0,0.0,6.0,7.0,0.0,7.0,2.7577042093207624,4.5784981821324555
small,2002,local_vs_no_reorder,2e2b45a1a06711b6c6f5dd691b3713f1164c6d55479925ffaaa8d71506f81a6e,1953.2464068480767,1967.678356058697,-14.43194921062036,20.136560895341,20.285343876893783,-0.14878298155278458,17.40578296150036,18.58166065674352,-1.1758776952431589,21.98061769693096,22.184342175812027,-0.20372447888106748,116.7901999760814,116.7901999760814,0.0,0.0211739000078523,0.0033765000043786,0.017797400003473702,0.0982443000102648,0.0755802000057883,0.022664100004476495,4.0,0.0,4.0,5.0,0.0,5.0,0.7334506255142031,6.328162573652523
small,2003,local_vs_no_reorder,f523568bb6d6858f3383d7500cd02fcf34be1bab2e547c348580b3ceaa39a850,1709.8669509537124,1766.8154307746338,-56.94847982092142,15.832101397719558,16.359402136802164,-0.5273007390826052,12.759682217431555,13.02966622671967,-0.2699840092881143,17.661337891467547,18.926864747845872,-1.265526856378326,127.83079366024792,127.83079366024792,0.0,0.0037426000126288,0.0014859000002616,0.0022567000123671997,0.0619093000132124,0.0564910000030067,0.005418300010205698,1.0,0.0,1.0,0.0,0.0,0.0,3.223227442379375,2.0720715679919994
small,2004,local_vs_no_reorder,54b23c70871ad35ad36e43ab8385a4969f460d0fa859877d83857542883244fc,1655.440482111626,1655.440482111626,0.0,17.425689285385534,17.425689285385534,0.0,16.22377105563132,16.22377105563132,0.0,19.046073845468296,19.046073845468296,0.0,127.42167838726373,127.42167838726373,0.0,0.004329499999585,0.0032242000015685,0.0011052999980165003,0.0470327000002726,0.0727383000048575,-0.025705600004584897,2.0,0.0,2.0,1.0,0.0,1.0,0.0,0.0
small,2005,local_vs_no_reorder,ccf215d8148903bd42877a5895cc694b392ac522e1be25f8008d27d8f7690b39,1885.7194995400248,1933.2735604159184,-47.55406087589358,17.460365736481712,17.900681114962207,-0.44031537848049496,14.700975586513696,15.137485261550024,-0.4365096750363282,22.431449103116307,22.339631966364426,0.09181713675188163,117.08447509358837,116.9261064355397,0.15836865804867273,0.0235422999976435,0.0031788999986019,0.0203633999990416,0.0868624999930034,0.065261299998383,0.0216011999946204,6.0,0.0,6.0,6.0,0.0,6.0,2.459768852663708,2.8836340217293874
small,2006,local_vs_no_reorder,34a01d79689ecc854efe4cb16ff509810157698e70c94bb11e4b9788a2d4b171,2085.285743975149,2086.9846986990988,-1.698954723949555,18.78635805383017,18.80166395224413,-0.015305898413959795,17.592863577332757,17.592863577332757,0.0,21.820087914084997,21.905035650282468,-0.08494773619747065,110.9760497363861,112.6750044603356,-1.6989547239494982,0.0071670000033918,0.0027600999892456,0.0044069000141462,0.0866010000027017,0.0644336999903316,0.022167300012370092,3.0,0.0,3.0,1.0,0.0,1.0,0.08140714807389648,0.0
small,2007,local_vs_no_reorder,6736fbfe6c499921993f3e6f73e4f70f7b0fb904e08ce6daded872ef6591fe29,1392.973073249051,1331.4112296239928,61.561843625058145,18.090559392844817,17.291054930181723,0.7995044626630943,16.289053661655156,14.974508239872836,1.31454542178232,21.248286532505237,20.758648815584024,0.4896377169212123,109.2626968324549,106.6614123115884,2.6012845208665,0.0077297000025282,0.0015659000055165,0.0061637999970117,0.0560524000029545,0.0461033000028692,0.009949100000085302,2.0,0.0,2.0,2.0,0.0,2.0,-4.623803844770342,-8.778554866209639
small,2008,local_vs_no_reorder,359ef88a4d1c0702f6121b7816a43ca9583b0cf8c86e8f83cb2fad5a1bf1df85,1898.3575193820127,2000.1963330268543,-101.8388136448416,17.741659059644977,18.69342367314817,-0.9517646135031939,15.13623458448711,17.1965391147203,-2.0603045302331893,19.688593765869296,20.49065442115988,-0.8020606552905853,129.3572462098148,129.3572462098148,0.0,0.0107263999889255,0.0031856999921728,0.0075406999967527,0.110440499985998,0.1040062999891233,0.006434199996874709,4.0,0.0,4.0,2.0,0.0,2.0,5.09144087324324,11.980925443710714
small,2009,local_vs_no_reorder,2e41abe11e30219639ebd1824716dd43aff5143c57c53aa1d6c4c3b25a5d53f6,1966.9162483707723,1966.9162483707723,0.0,16.52870796950229,16.52870796950229,0.0,13.939166023506612,13.939166023506612,0.0,17.561607005966387,17.561607005966387,0.0,120.94523925669218,120.94523925669218,0.0,0.0046664999899803,0.0022447000010288,0.0024217999889515,0.0677208999914,0.0662229000008665,0.0014979999905335023,0.0,0.0,0.0,0.0,0.0,0.0,0.0,0.0
medium,2000,local_vs_no_reorder,78fddf90b7b6a42ec52d011cd5043823c179f5f2bc79d835eb85d30829b86ee4,5317.563167257456,5506.494920091209,-188.9317528337524,18.991297025919486,19.666053286040032,-0.6747562601205459,16.017545638929167,15.858183176674965,0.1593624622542027,22.549920515106123,23.46814161043892,-0.9182210953327967,128.14570761635667,124.50107872232694,3.6446288940297364,0.1577779000072041,0.0321231999987503,0.1256547000084538,0.897768900009396,0.836303099997167,0.06146580001222901,5.0,0.0,5.0,10.0,0.0,10.0,3.4310710456557256,-1.0049225720169588
medium,2001,local_vs_no_reorder,fe0828697d954d1952c7b0ba2e4f485747ad0bb58c6121455a721dc2467487e2,5957.092892810645,6058.704701300088,-101.61180848944332,21.428391700757714,21.793901803237727,-0.3655101024800125,19.64200882437528,20.168861952961628,-0.526853128586346,24.76510341797691,25.510485467370348,-0.745382049393438,120.82095298724052,120.275339138149,0.5456138490915237,0.1329809000017121,0.0308897999857435,0.10209110001596859,0.993956700003764,0.851037999986147,0.14291870001761697,16.0,0.0,16.0,13.0,0.0,13.0,1.6771209936612261,2.6122104946480733
medium,2002,local_vs_no_reorder,2cb354e65bb1735d000802aff7cac32c0289f8ec8fd8d36dc1914901dde00ff7,5821.529511517134,5982.465298006849,-160.9357864897147,20.791176826846907,21.3659474928816,-0.5747706660346914,16.830662697106018,17.032360932727077,-0.20169823562105904,28.17638450771523,29.71211107470468,-1.5357265669894495,120.94684186252717,124.83768814971154,-3.890846287184374,0.3332780000055209,0.048546999998507,0.2847310000070139,1.073578000003181,0.852982600001269,0.2205954000019119,15.0,0.0,15.0,32.0,0.0,32.0,2.6901248644656888,1.1842059736621895
medium,2003,local_vs_no_reorder,9f80443e01aeef821a4c386e5acf97363b314efee4ff9732ebe2f062bd6cca51,6061.642864561777,6191.006226664773,-129.36336210299578,20.83038785072776,21.274935486820524,-0.44454763609276426,19.511753055269573,19.769267942424214,-0.25751488715464177,26.67335834821229,26.434341302454804,0.2390170457574854,126.38297149600166,125.8945805993926,0.48839089660906154,0.2037627999816322,0.040417600008368,0.1633451999732642,0.9818865999841364,0.821507600005134,0.1603789999790024,20.0,0.0,20.0,30.0,0.0,30.0,2.089536940632108,1.3026020381969892
medium,2004,local_vs_no_reorder,1757208cf575b36a146991fcda820f0f9bfaba0796dc54d07ad909f6a2520902,5423.852811080794,5568.725513604777,-144.8727025239832,20.01421701505828,20.54880263322796,-0.5345856181696824,16.80688151928022,17.20145336581347,-0.3945718465332497,26.23189559848977,27.06202877778092,-0.830133179291149,115.10088635082714,127.0302966787282,-11.929410327901067,0.1415543999974033,0.0346922999815433,0.10686210001586,0.9059712999951444,0.7888142999800039,0.11715700001514051,19.0,0.0,19.0,27.0,0.0,27.0,2.601541450912781,2.293828539612996
medium,2005,local_vs_no_reorder,b1ff7a5e3e50214d0b60d1e5e08bd83dfbe53cf101a6025d58668082d9f0addd,5317.37239580278,5315.793327310376,1.579068492404076,20.218145991645557,20.21214192893679,0.00600406270876519,17.35163160552346,16.354621224026726,0.9970103814967324,25.733872341020543,26.03633988201152,-0.3024675409909783,120.4165550081912,120.22594036324088,0.19061464495031544,0.1591043000153149,0.0383011000085389,0.120803200006776,0.8952829000190832,0.800685300011537,0.09459760000754613,15.0,0.0,15.0,21.0,0.0,21.0,-0.029705227332534462,-6.096199770325559
medium,2006,local_vs_no_reorder,79edf26bd755e7b0ca72c35889071b4a6110564f2874d9480e09d5e9c145ceb3,5114.87893230226,5180.73931443285,-65.86038213058964,19.22886816654985,19.47646358809342,-0.2475954215435685,16.89320402188318,17.253560233898217,-0.36035621201503787,24.3644362752767,24.46573993668959,-0.10130366141289215,129.35076698855204,124.54166766458609,4.8090993239659525,0.1834174000105122,0.0317682000095373,0.15164920000097493,0.9761489000156872,0.7917675000135205,0.18438140000216674,14.0,0.0,14.0,13.0,0.0,13.0,1.271254508929082,2.08859045396928
medium,2007,local_vs_no_reorder,889f69685877a4deb32387485dd90724ed5ad68c2207ade0e7786b5e5cf16524,5571.479915088231,5666.003113853547,-94.52319876531601,20.2599269639572,20.60364768674017,-0.3437207227829724,16.124750086912986,16.718513250119038,-0.5937631632060523,24.94321505561845,25.21615106304083,-0.27293600742238056,117.90898186748134,119.91873006666664,-2.009748199185296,0.1508349000141606,0.0336979999920004,0.1171369000221602,0.9453054000186968,0.945329899994249,-2.4499975552205733e-05,16.0,0.0,16.0,15.0,0.0,15.0,1.6682517970067008,3.5515308946614894
medium,2008,local_vs_no_reorder,e731c197d7bbaac9d6ba09c757ab693dcf692adad87e97e8d7d7e66e6a3dad33,5396.025791897804,5270.368550193343,125.65724170446083,21.412800761499224,20.914160913465647,0.4986398480335765,16.822219963114943,16.353741124730508,0.46847883838443494,28.0160542835397,27.583201873858343,0.43285240968135597,129.04268579104664,131.34643955971845,-2.303753768671811,0.1979763000126695,0.0427997999940998,0.1551765000185697,1.0009184000155074,0.852071999994223,0.14884640002128435,16.0,0.0,16.0,25.0,0.0,25.0,-2.3842211509070186,-2.864658519486959
medium,2009,local_vs_no_reorder,4fe2e03f587c3c24d53a81c67b90ea42fadfb6aa861f808a7432fd94bed68b88,6614.5688743740775,6900.4890535133445,-285.920179139267,23.70813216621533,24.73293567567507,-1.0248035094597405,15.967304042236702,17.04529025096055,-1.0779862087238499,28.74251114630122,29.45563167819819,-0.7131205318969727,122.294534845878,125.47022586595445,-3.1756910200764423,0.5694966999944882,0.0745058000175049,0.49499089997698326,1.3753512999901432,0.9043552000221098,0.4709960999680334,28.0,0.0,28.0,53.0,0.0,53.0,4.1434770336124656,6.324246714796201
large,2000,local_vs_no_reorder,183d60e2cdcf2003365670fe670d0a73c568ebb9b656888f286b9c54178c5c24,13531.28665585756,13939.057062649692,-407.7704067921313,24.64715237861122,25.3899035749539,-0.7427511963426809,18.12342171499935,17.543795975020476,0.5796257399788729,33.13839557498387,35.26245470552466,-2.124059130540793,131.95366989604273,148.2140962069401,-16.260426310897373,2.6769612999851238,0.6019965000014054,2.0749647999837184,12.554764199987403,10.538236300002607,2.016527899984796,53.0,0.0,53.0,123.0,0.0,123.0,2.9253801384081446,-3.3038787090557027
large,2001,local_vs_no_reorder,672ec400c85f5432bd448ad022a995e3eba3983ac169c586f13c58af80dbb032,14162.736006229796,14459.013291907431,-296.2772856776355,25.33584258717316,25.865855620585748,-0.5300130334125868,17.67975711601334,16.759656895520884,0.9201002204924578,36.27794945575841,37.412749762805255,-1.134800307046845,147.4850445334453,146.3461669016467,1.1388776317985787,3.1667213999899104,0.5879853000369621,2.5787360999529483,13.088651799989748,10.288594800033025,2.8000569999567233,97.0,0.0,97.0,223.0,0.0,223.0,2.0490837078312905,-5.489970506128678
large,2002,local_vs_no_reorder,287020d0a030676a3694155855031eb29ffe46a067239b86b764cc30e5fc7854,12812.11103502144,12899.127399781431,-87.01636475999112,23.084884747786376,23.24167099059718,-0.1567862428108029,17.99372847791338,18.068610192775296,-0.07488171486191675,32.80103859362802,32.77429530718096,0.026743286447064918,134.9309545567839,134.42322233570198,0.5077322210819091,2.177622800045356,0.4608525000003283,1.7167703000450278,10.69447700004821,10.357420200001798,0.3370568000464118,70.0,0.0,70.0,121.0,0.0,121.0,0.6745910949098001,0.4144298541116244
large,2003,local_vs_no_reorder,e3a122e28070648af4b015f24fdcc90da1a9809f55d62de01aef15676acdde3a,11317.139481197524,11416.649170814324,-99.50968961679973,22.190469570975537,22.38558660943985,-0.19511703846431416,17.747109044055133,18.02737104718053,-0.2802620031253973,30.78795201658148,31.549168132003985,-0.7612161154225028,134.60027350967033,136.136761145608,-1.5364876359376751,1.3469621999465744,0.3091441000069608,1.0378180999396136,9.76161889994546,8.843077800003812,0.918541099941649,51.0,0.0,51.0,97.0,0.0,97.0,0.8716190550129904,1.5546471107290494
large,2004,local_vs_no_reorder,5aac2a05239d252e3c651a725c664b04504a5d0373e3ce8ede6112656572b924,12658.646621876267,12835.747079951489,-177.10045807522147,22.68574663418686,23.003130967654997,-0.3173843334681372,18.782568407227306,18.02903288146589,0.7535355257614142,30.232776145164323,32.14241121127327,-1.9096350661089474,131.40202154823723,133.8459373444569,-2.4439157962196703,2.261588299974392,0.4525218000053428,1.8090664999690493,10.874880499977737,8.794970700000704,2.079909799977033,54.0,0.0,54.0,119.0,0.0,119.0,1.3797440614254446,-4.179567094450528
large,2005,local_vs_no_reorder,59e390d8ef25a6588f8918b95a9158b488d1d17ade16884f1deeb11a95f4303b,15242.112172587797,15331.669579933056,-89.55740734525898,26.693716589470743,26.85055968464633,-0.1568430951755886,22.763200270123956,22.82227865667957,-0.05907838655561193,32.468996294178694,33.40916207431944,-0.9401657801407453,130.71909969743493,140.67004246194116,-9.950942764506237,1.9744879999780096,0.4053466000186745,1.569141399959335,10.225951099972008,9.040693900016777,1.185257199955231,67.0,0.0,67.0,134.0,0.0,134.0,0.5841334296851716,0.25886278685989583
large,2006,local_vs_no_reorder,48b5e329a79874f5d8f4afff12ddf78ebd313ea5a79d03fcb9c2548d53cb7b83,14446.755061989172,15069.815503041824,-623.0604410526521,25.569477985821543,26.67223982839261,-1.1027618425710664,20.271833920765896,20.11167039696253,0.16016352380336585,32.990280597560776,35.46185984356386,-2.471579246003081,127.37535439401992,135.33719689677562,-7.961842502755701,2.4068201999762096,0.4799781999827246,1.926841999993485,10.845473499975924,8.915261099980853,1.9302123999950709,61.0,0.0,61.0,144.0,0.0,144.0,4.134492827247212,-0.7963710653668796
large,2007,local_vs_no_reorder,54774571656a56f4f8198bd40ccc8a35c1532e0ca7629d3d7384174f64e47630,13149.861229945269,13310.677722381892,-160.81649243662287,23.06993198236012,23.352066179617356,-0.28213419725723554,17.189085817613865,17.533826340629687,-0.3447405230158225,30.004900085212302,30.468229033194994,-0.4633289479826921,130.57504133871217,126.57122729744366,4.003814041268512,1.7362345000146888,0.3654234000277938,1.370811099986895,10.265834100013308,9.239353300028595,1.0264807999847125,48.0,0.0,48.0,106.0,0.0,106.0,1.208176591686323,1.9661454169703034
large,2008,local_vs_no_reorder,e76b36348fd3ef603dc1c44588c3e0f9798957fd56a82cbf459b2f2bcd492dd8,11939.092166319797,11991.164997876644,-52.07283155684672,22.87182407340957,22.971580455702387,-0.09975638229281714,18.489848998100904,18.87902099265521,-0.3891719945543066,29.920221607585507,29.80684573754365,0.11337587004185679,132.4873572249184,132.5325609066118,-0.04520368169337985,1.2062059000163572,0.2732198000012431,0.9329861000151141,9.861238700017566,8.648989399996935,1.2122493000206305,62.0,0.0,62.0,76.0,0.0,76.0,0.4342599869659989,2.0613992362512445
large,2009,local_vs_no_reorder,769187e338af9678836384880be1cf9469f8b022b5fbd8a649a7e27f201cc207,11730.145154676233,11917.497713534738,-187.3525588585053,23.366823017283327,23.74003528592577,-0.37321226864244395,16.431007702774664,16.315745611665164,0.11526209110949992,33.102295869905504,34.506298981755414,-1.4040031118499101,132.99968868777762,133.05497996935787,-0.05529128158025287,2.063064400019357,0.4545576000236906,1.6085067999956664,10.39047390002088,8.932129300024826,1.4583445999960531,67.0,0.0,67.0,133.0,0.0,133.0,1.5720796711018454,-0.7064469736957146
