scale,strategy,metric,n,mean,std,median,min,max,ci95_lower,ci95_upper
small,no_reorder,weighted_delay,10,1895.4880091349241,250.15929996131112,1967.2973022147348,1331.4112296239928,2185.855589368947,1740.4376686477253,2050.538349622123
small,no_reorder,weighted_mean_delay,10,17.87758721498657,1.3001221173446906,17.66318520017387,16.359402136802164,20.285343876893783,17.071763178061264,18.683411251911874
small,no_reorder,high_priority_mean_delay,10,15.73614385552141,1.7785235284697556,15.680628158590672,13.02966622671967,18.58166065674352,14.633803551977316,16.838484159065505
small,no_reorder,mean_delay,10,20.46800624472074,2.0327190981964542,20.624651618371953,17.561607005966387,23.526758139535968,19.208113894770385,21.727898594671096
small,no_reorder,makespan,10,119.81719282436362,7.79332938404781,118.93567284611593,106.6614123115884,129.3572462098148,114.98683722810001,124.64754842062722
small,no_reorder,initial_planning_runtime,10,0.064322930000344,0.015039054955780085,0.0618780000004335,0.0445373999973526,0.1008205999969504,0.05500162716706925,0.07364423283361876
small,no_reorder,total_replanning_runtime,10,0.0025913500008754803,0.0009689417358230595,0.00296949999392375,0.0009847000037552,0.0039069000122253,0.001990793691056666,0.0031919063106942945
small,no_reorder,mean_replanning_runtime,10,0.0002591350000874928,9.689417358229492e-05,0.0002969499993923,9.84700003755279e-05,0.0003906900012225,0.0001990793691056182,0.0003191906310693674
small,no_reorder,max_replanning_runtime,10,0.0006960200007597,0.0003924939617057724,0.00081735000276235,0.0001369999954476,0.0013185000061639,0.00045274972293648315,0.0009392902785829169
small,no_reorder,total_algorithm_runtime,10,0.06691428000121954,0.015481145551097565,0.0648474999943573,0.0461033000028692,0.1040062999891233,0.057318966578129564,0.07650959342430952
small,no_reorder,runner_wall_runtime,10,0.06907967999941314,0.015695185245535315,0.06696279999960095,0.047702299998491,0.1064643999998224,0.059351703399277644,0.07880765659954864
small,no_reorder,assignment_changes,10,0.0,0.0,0.0,0.0,0.0,0.0,0.0
small,no_reorder,successor_edge_changes,10,0.0,0.0,0.0,0.0,0.0,0.0,0.0
small,no_reorder,total_travel_time,10,221.63143461610684,17.082863867026802,226.9917552430773,184.1792346212874,245.46845730057476,211.04336589554114,232.21950333667255
small,no_reorder,active_uav_count,10,3.0,0.0,3.0,3.0,3.0,3.0,3.0
small,full,weighted_delay,10,1873.386844708001,221.03608207733402,1916.335095924559,1422.6757947094893,2136.4516839078155,1736.3872616769188,2010.3864277390833
small,full,weighted_mean_delay,10,17.706384502874833,1.27323402256156,17.46913942516411,15.832101397719558,20.036026082400927,16.917225879755136,18.49554312599453
small,full,high_priority_mean_delay,10,15.492369363417371,1.5546858414847329,15.671829444369838,12.759682217431555,17.592863577332757,14.52876509561635,16.45597363121839
small,full,mean_delay,10,20.083375905172783,1.9150346946017816,20.408636767390817,17.661337891467547,22.31591405128608,18.89642510426821,21.270326706077356
small,full,makespan,10,119.62430301962763,8.106904564689144,118.93567284611593,105.62416683234164,129.3572462098148,114.59959151281306,124.6490145264422
small,full,initial_planning_runtime,10,0.06613386999742939,0.018233352551968056,0.060958849997405154,0.0466921999977785,0.1112773999993805,0.054832721002197105,0.07743501899266167
small,full,total_replanning_runtime,10,0.0223946499965677,0.01873791528199988,0.01508144999024805,0.0025931999916792,0.0546384000117541,0.010780769781266105,0.034008530211869295
small,full,mean_replanning_runtime,10,0.0022394649996567303,0.0018737915281999955,0.00150814499902475,0.0002593199991679,0.0054638400011754,0.001078076978126566,0.003400853021186895
small,full,max_replanning_runtime,10,0.00925914000035841,0.008312627204846039,0.0073102999995171,0.0003285999991931,0.0230579000053694,0.004106920280148672,0.014411359720568149
small,full,total_algorithm_runtime,10,0.08852851999399713,0.029524445132013605,0.08670234998862719,0.0548449999987497,0.1448300000047311,0.07022907931310973,0.10682796067488454
small,full,runner_wall_runtime,10,0.09065115000048532,0.029638032075311637,0.08884380000017694,0.0567733999996562,0.1468279000037,0.0722813074027554,0.10902099259821524
small,full,assignment_changes,10,4.0,3.366501646120693,3.5,0.0,11.0,1.913420662104282,6.086579337895718
small,full,successor_edge_changes,10,3.3,4.571651780264983,0.0,0.0,12.0,0.46646087021901206,6.133539129780988
small,full,total_travel_time,10,212.58406454846795,21.299058903142694,213.18171152128798,180.38141178351609,243.00743768295123,199.3827710706723,225.7853580262636
small,full,active_uav_count,10,3.0,0.0,3.0,3.0,3.0,3.0,3.0
small,local,weighted_delay,10,1873.3690245100374,227.15091937738254,1925.8019631150446,1392.973073249051,2125.5761577712465,1732.5794260546115,2014.1586229654633
small,local,weighted_mean_delay,10,17.696773803108094,1.2631845166251154,17.601012398063347,15.832101397719558,20.136560895341,16.91384392829963,18.479703677916557
small,local,high_priority_mean_delay,10,15.397713211766554,1.5494302440060153,15.447933104369206,12.759682217431555,17.592863577332757,14.437366397031099,16.35806002650201
small,local,mean_delay,10,20.24004300613664,2.1062183740400933,20.468440149187266,17.561607005966387,23.021930626769358,18.934595333050662,21.54549067922262
small,local,makespan,10,119.7705978795087,7.7041605271976925,119.01485717514026,109.2626968324549,129.3572462098148,114.99550971330908,124.54568604570832
small,local,initial_planning_runtime,10,0.0645696799998404,0.016734309169848208,0.0608014499994169,0.0427032000006875,0.0997140999970724,0.05419764771879268,0.07494171228088811
small,local,total_replanning_runtime,10,0.010719060001429111,0.00828901643989801,0.00744835000296,0.0022235000069485,0.0235422999976435,0.005581474384948161,0.01585664561791006
small,local,mean_replanning_runtime,10,0.0010719060001428702,0.0008289016439898054,0.00074483500029595,0.0002223500006948,0.0023542299997643,0.0005581474384947724,0.001585664561790968
small,local,max_replanning_runtime,10,0.00473339000091067,0.0045696051280137385,0.00302480000027565,0.0003633000014815,0.0123712999993585,0.001901119399337362,0.007565660602483978
small,local,total_algorithm_runtime,10,0.07528874000126956,0.0201213944917797,0.07248634999996281,0.0470327000002726,0.110440499985998,0.06281737048788272,0.0877601095146564
small,local,runner_wall_runtime,10,0.07745807999963286,0.020286675577144832,0.0749900500013609,0.0489461999968625,0.1126292000044486,0.06488426820820191,0.09003189179106381
small,local,assignment_changes,10,2.8,2.2010098692292237,2.5,0.0,6.0,1.4357999495023546,4.164200050497645
small,local,successor_edge_changes,10,2.4,2.633122354417533,1.5,0.0,7.0,0.7679738564185521,4.032026143581447
small,local,total_travel_time,10,214.77869857062691,23.355540430165817,219.753162280984,176.73533279514777,245.46845730057476,200.30278463690627,229.25461250434756
small,local,active_uav_count,10,3.0,0.0,3.0,3.0,3.0,3.0,3.0
medium,no_reorder,weighted_delay,10,5764.079001897116,527.8171199777946,5617.364313729162,5180.73931443285,6900.4890535133445,5436.934561613718,6091.223442180513
medium,no_reorder,weighted_mean_delay,10,21.058899049511897,1.4843346763992735,20.75890430010291,19.47646358809342,24.73293567567507,20.138898885583323,21.97889921344047
medium,no_reorder,high_priority_mean_delay,10,17.37558534543364,1.4385566428102032,17.038825591843814,15.858183176674965,20.168861952961628,16.48395870068232,18.267211990184965
medium,no_reorder,mean_delay,10,26.494417266654818,2.0198840814705097,26.235340592233165,23.46814161043892,29.71211107470468,25.24248014248989,27.746354390819747
medium,no_reorder,makespan,10,124.40419868084749,3.547921148778994,124.68967790714882,119.91873006666664,131.34643955971845,122.20517437023823,126.60322299145675
medium,no_reorder,initial_planning_runtime,10,0.8037112700010767,0.0462137373634329,0.8043077500005893,0.7541219999984605,0.9116319000022486,0.7750676988266513,0.8323548411755021
medium,no_reorder,total_replanning_runtime,10,0.04077427999945933,0.013120361685525328,0.0364966999950411,0.0308897999857435,0.0745058000175049,0.03264219557577202,0.048906364423146644
medium,no_reorder,mean_replanning_runtime,10,0.0016309711999783199,0.0005248144674209939,0.0014598679998016001,0.0012355919994297,0.0029802320007001,0.0013056878230308393,0.0019562545769258007
medium,no_reorder,max_replanning_runtime,10,0.004564209999807599,0.0007456771285753012,0.00432250000085325,0.0037502999985008,0.0058989000026485,0.004102034527230732,0.005026385472384466
medium,no_reorder,total_algorithm_runtime,10,0.844485550000536,0.049797956282055404,0.843670549991657,0.7888142999800039,0.945329899994249,0.8136204569246701,0.875350643076402
medium,no_reorder,runner_wall_runtime,10,0.8521517900000617,0.05021713647127905,0.8510133999989193,0.7957244999997783,0.9526961000010488,0.8210268863511943,0.8832766936489291
medium,no_reorder,assignment_changes,10,0.0,0.0,0.0,0.0,0.0,0.0,0.0
medium,no_reorder,successor_edge_changes,10,0.0,0.0,0.0,0.0,0.0,0.0,0.0
medium,no_reorder,total_travel_time,10,369.08699249667035,17.586428763746888,365.7509393725875,335.3549572010244,399.31587045914273,358.18681101952944,379.98717397381125
medium,no_reorder,active_uav_count,10,5.0,0.0,5.0,5.0,5.0,5.0,5.0
medium,full,weighted_delay,10,5553.357334591161,413.1371568647069,5455.96827353962,5063.279491921068,6398.4947071435845,5297.292271850368,5809.422397331954
medium,full,weighted_mean_delay,10,20.295825834031984,1.0927401315277867,20.18068352387936,19.008034103923915,22.933672785460875,19.618538483597227,20.97311318446674
medium,full,high_priority_mean_delay,10,16.711630905361705,1.1791649640555024,16.449354021702458,15.399963405627878,18.91317942826285,15.980776888758456,17.442484921964954
medium,full,mean_delay,10,25.71217688596974,1.9749653552591366,25.784822678607906,22.19733224041172,29.183962770710032,24.488080676751416,26.936273095188064
medium,full,makespan,10,122.87500064814542,4.8999303256063484,122.32499746970929,116.4805830445484,130.7368556448636,119.8379923679563,125.91200892833453
medium,full,initial_planning_runtime,10,0.7854977699986193,0.02848953801150713,0.7880031999957282,0.7389925999959814,0.8335499999957392,0.7678397713965671,0.8031557686006715
medium,full,total_replanning_runtime,10,1.796861670006183,1.0949497552806047,1.3481749500206206,0.9136886000269442,4.581576800002949,1.1182047805805677,2.4755185594317983
medium,full,mean_replanning_runtime,10,0.07187446680024727,0.04379799021122417,0.0539269980008248,0.0365475440010777,0.1832630720001179,0.04472819122322267,0.09902074237727188
medium,full,max_replanning_runtime,10,0.30220323000030475,0.07586657964639465,0.27281315000072937,0.2570688999985577,0.5088124999965657,0.2551806367663457,0.34922582323426377
medium,full,total_algorithm_runtime,10,2.582359440004802,1.0993251093995149,2.134446250016481,1.7043319000222257,5.383996300006402,1.9009906780004182,3.2637282020091862
medium,full,runner_wall_runtime,10,2.5903205800008435,1.0999199135917128,2.1421424500040303,1.7126742000036757,5.393517399999837,1.9085831545386638,3.2720580054630233
medium,full,assignment_changes,10,59.6,15.917844633548155,54.5,45.0,95.0,49.73401768139071,69.46598231860929
medium,full,successor_edge_changes,10,83.7,40.17199134831243,75.0,49.0,178.0,58.80114180217183,108.59885819782818
medium,full,total_travel_time,10,358.2526795865002,14.688813901544199,360.7065394201882,336.17195952708823,376.7867266385084,349.14845840767634,367.3569007653241
medium,full,active_uav_count,10,5.0,0.0,5.0,5.0,5.0,5.0,5.0
medium,local,weighted_delay,10,5659.600715669296,453.6237333569143,5497.666363084512,5114.87893230226,6614.5688743740775,5378.441812838413,5940.7596185001785
medium,local,weighted_mean_delay,10,20.688334446917732,1.3371400852693356,20.525551895402053,18.991297025919486,23.70813216621533,19.85956643576581,21.517102458069655
medium,local,high_priority_mean_delay,10,17.19679614546315,1.3305050215519516,16.82644133011048,15.967304042236702,19.64200882437528,16.372140589409614,18.021451701516686
medium,local,mean_delay,10,26.019675148925693,1.9469780793605869,25.982883969755157,22.549920515106123,28.74251114630122,24.812925633026587,27.226424664824798
medium,local,makespan,10,123.04108848141023,4.935160120038841,121.62068835420258,115.10088635082714,129.35076698855204,119.9822445484075,126.09993241441296
medium,local,initial_planning_runtime,10,0.7815984800014121,0.03864553139298099,0.7854276500038395,0.7361786000037682,0.860975800002052,0.7576457314858976,0.8055512285169265
medium,local,total_replanning_runtime,10,0.22301836000406178,0.1346045414675378,0.17126085001291355,0.1329809000017121,0.5694966999944882,0.1395896008538212,0.30644711915430234
medium,local,mean_replanning_runtime,10,0.00892073440016241,0.0053841816587015265,0.0068504340005164505,0.0053192360000684,0.0227798679997795,0.005583584034152777,0.012257884766172043
medium,local,max_replanning_runtime,10,0.04521760999996327,0.02038407667140287,0.03553079999983305,0.0301457999958074,0.0904809000057866,0.032583428384860474,0.05785179161506607
medium,local,total_algorithm_runtime,10,1.004616840005474,0.1415286653578806,0.9790177499999118,0.8952829000190832,1.3753512999901432,0.9168964644054782,1.0923372156054698
medium,local,runner_wall_runtime,10,1.0127878199993574,0.1417507937484153,0.9870032499966328,0.902474300004542,1.3837332000039169,0.9249297677965346,1.1006458722021804
medium,local,assignment_changes,10,16.4,5.719362823873925,16.0,5.0,28.0,12.855102195486525,19.944897804513474
medium,local,successor_edge_changes,10,23.9,12.818822965554295,23.0,10.0,53.0,15.954811211249357,31.84518878875064
medium,local,total_travel_time,10,364.549444351832,15.6394034132648,363.66204623156244,344.2922834000461,392.0615792755881,354.85604168953483,374.24284701412915
medium,local,active_uav_count,10,5.0,0.0,5.0,5.0,5.0,5.0,5.0
large,no_reorder,weighted_delay,10,13317.041952187254,1356.3204007503248,13104.90256108166,11416.649170814324,15331.669579933056,12476.385858335872,14157.698046038635
large,no_reorder,weighted_mean_delay,10,24.347262919751614,1.6731234265222685,23.546050732771562,22.38558660943985,26.85055968464633,23.31025027621005,25.38427556329318
large,no_reorder,high_priority_mean_delay,10,18.409100899055524,1.8743730523107445,18.02820196432321,16.315745611665164,22.82227865667957,17.24735244514732,19.570849352963727
large,no_reorder,mean_delay,10,33.27934747891655,2.3991949658878005,33.0917286907502,29.80684573754365,37.412749762805255,31.792311032885525,34.766383924947576
large,no_reorder,makespan,10,136.71321914664838,6.583920257456644,134.8802096162388,126.57122729744366,148.2140962069401,132.6324630931373,140.79397520015948
large,no_reorder,initial_planning_runtime,10,8.920770099998482,0.6573021743415046,8.584640499997477,8.342448899995361,9.936239800001204,8.513369991546034,9.32817020845093
large,no_reorder,total_replanning_runtime,10,0.4391025800105126,0.10658209819748214,0.4535397000145167,0.2732198000012431,0.6019965000014054,0.3730423111421737,0.5051628488788515
large,no_reorder,mean_replanning_runtime,10,0.0087820516002102,0.00213164196394965,0.009070794000290299,0.0054643960000248,0.0120399300000281,0.007460846222843417,0.010103256977576984
large,no_reorder,max_replanning_runtime,10,0.019104980000702154,0.002632251432720904,0.018390499997622052,0.016581000003498,0.0242336000010254,0.017473493659980806,0.020736466341423503
large,no_reorder,total_algorithm_runtime,10,9.359872680008994,0.7329360101954722,8.986411600020801,8.648989399996935,10.538236300002607,8.905594234419674,9.814151125598315
large,no_reorder,runner_wall_runtime,10,9.385649469999771,0.7362941651692988,9.012366400002065,8.669089200004237,10.57002829999692,8.929289618393641,9.842009321605902
large,no_reorder,assignment_changes,10,0.0,0.0,0.0,0.0,0.0,0.0,0.0
large,no_reorder,successor_edge_changes,10,0.0,0.0,0.0,0.0,0.0,0.0,0.0
large,no_reorder,total_travel_time,10,615.4646799785829,17.007253802968503,618.3240099808568,592.2412589781351,648.2534113159463,604.9234748612425,626.0058850959233
large,no_reorder,active_uav_count,10,8.0,0.0,8.0,8.0,8.0,8.0,8.0
large,full,weighted_delay,10,12726.384961886954,1183.5768246544928,12604.369245994743,10803.171241544853,14364.955599014876,11992.79644575416,13459.973478019747
large,full,weighted_mean_delay,10,23.273268601369324,1.3970426279299426,22.799844232248553,21.18268870891148,25.37616716872897,22.40737260961859,24.139164593120057
large,full,high_priority_mean_delay,10,17.72155890496883,1.591005258927529,17.330916571075164,15.50201968680162,21.07139088764825,16.735443629015514,18.707674180922147
large,full,mean_delay,10,31.75059234489209,2.3233710914716235,31.636947514688032,28.912878059097125,36.18851362184407,30.31055202311911,33.190632666665074
large,full,makespan,10,129.43620069347588,4.826875013208478,129.41551961648622,121.4670507573854,137.0388527402604,126.44447256502784,132.42792882192393
large,full,initial_planning_runtime,10,8.809004439997807,0.6547552749023305,8.513660699998582,8.278827999994974,10.024316899995029,8.403182916172401,9.214825963823213
large,full,total_replanning_runtime,10,55.10984904000797,16.418893832920322,57.88192015000459,29.36667890001263,77.87575480002852,44.933313210193994,65.28638486982194
large,full,mean_replanning_runtime,10,1.1021969808001597,0.3283778766584064,1.157638403000092,0.5873335780002527,1.5575150960005704,0.8986662642038801,1.3057276973964393
large,full,max_replanning_runtime,10,3.7485574799997265,0.6991220465050718,3.794577800003026,2.673237100003462,4.841885199995886,3.315237146238466,4.1818778137609876
large,full,total_algorithm_runtime,10,63.91885348000578,16.88630899023323,66.16485145000115,37.82279690001451,87.74767410002823,53.45261073423284,74.38509622577872
large,full,runner_wall_runtime,10,63.944819890001234,16.88955478017821,66.1906479499994,37.84497430000192,87.78007700000308,53.476565382777906,74.41307439722456
large,full,assignment_changes,10,398.5,81.92035427440756,408.5,274.0,534.0,347.7252383779325,449.2747616220675
large,full,successor_edge_changes,10,707.5,178.19044119518122,739.0,407.0,1017.0,597.0564203163746,817.9435796836254
large,full,total_travel_time,10,577.0208152573585,25.086002774534297,572.397149931548,537.41300370005,622.4263202922574,561.4723496506195,592.5692808640975
large,full,active_uav_count,10,8.0,0.0,8.0,8.0,8.0,8.0,8.0
large,local,weighted_delay,10,13098.988558570087,1264.944419205562,12980.986132483355,11317.139481197524,15242.112172587797,12314.967884841237,13883.009232298937
large,local,weighted_mean_delay,10,23.95158695670785,1.5010008639339978,23.22585388253485,22.190469570975537,26.693716589470743,23.021256982725113,24.881916930690586
large,local,high_priority_mean_delay,10,18.54715614695878,1.7953326299740955,18.058575096456366,16.431007702774664,22.763200270123956,17.43439745436445,19.65991483955311
large,local,mean_delay,10,32.17248062405589,1.979188241912428,32.63501744390336,29.920221607585507,36.27794945575841,30.945767042573042,33.39919420553874
large,local,makespan,10,133.45285053870424,5.381923997775995,132.22051356048058,127.37535439401992,147.4850445334453,130.11709948543358,136.7886015919749
large,local,initial_planning_runtime,10,8.754669470000227,0.615746788149008,8.523226900000736,8.251463099993998,9.921930399999836,8.373025656753356,9.136313283247098
large,local,total_replanning_runtime,10,2.1016668999945978,0.5880667455843824,2.1203436000323563,1.2062059000163572,3.1667213999899104,1.7371793548737124,2.466154445115483
large,local,mean_replanning_runtime,10,0.042033337999891895,0.011761334911687663,0.0424068720006471,0.0241241180003271,0.0633344279997982,0.03474358709747418,0.04932308890230961
large,local,max_replanning_runtime,10,0.12041439999957215,0.0036235075235592964,0.1193209499979275,0.1163151000000652,0.1257817000005161,0.11816852676850424,0.12266027323064006
large,local,total_algorithm_runtime,10,10.856336369994825,1.1078648978753303,10.542475450034544,9.76161889994546,13.088651799989748,10.169674592255792,11.542998147733858
large,local,runner_wall_runtime,10,10.881653849999566,1.1117351176758385,10.567093199999363,9.78412820000085,13.121041499995044,10.192593285175976,11.570714414823156
large,local,assignment_changes,10,63.0,14.11067365901115,61.5,48.0,97.0,54.254113855963794,71.7458861440362
large,local,successor_edge_changes,10,127.6,38.93641540312159,122.0,76.0,223.0,103.46695970711983,151.73304029288016
large,local,total_travel_time,10,589.7314373610308,24.267018963692994,594.8192323977089,539.1211082025945,613.9461395306874,574.6905831792681,604.7722915427935
large,local,active_uav_count,10,8.0,0.0,8.0,8.0,8.0,8.0,8.0
